nH_cm2,nH_1e22,flux_medium_ph,flux_medium_erg
1e+19,0.001,0.0003609228160921781,8.902033225099586e-13
1.0272736385307947e+19,0.0010272736385307946,0.0003609166927318854,8.901890072205696e-13
1.055291128420298e+19,0.001055291128420298,0.0003609104024875672,8.901743017745694e-13
1.0840727572015876e+19,0.0010840727572015876,0.00036090394081444765,8.901591955460793e-13
1.1136393657225857e+19,0.0011136393657225857,0.0003608973030441709,8.9014367762025e-13
1.1440123632369576e+19,0.0011440123632369577,0.0003608904843814545,8.901277367854236e-13
1.1752137429066426e+19,0.0011752137429066427,0.0003608834799006441,8.901113615250913e-13
1.2072660977271007e+19,0.0012072660977271007,0.00036087628454218603,8.900945400096272e-13
1.2401926368869927e+19,0.0012401926368869928,0.000360868893108996,8.900772600878038e-13
1.2740172025740018e+19,0.0012740172025740017,0.0003608613002627355,8.900595092780796e-13
1.3087642872390193e+19,0.0013087642872390193,0.00036085350051998544,8.900412747596476e-13
1.3444590513311896e+19,0.0013444590513311896,0.00036084548824831856,8.900225433632453e-13
1.3811273415166515e+19,0.0013811273415166516,0.000360837257662264,8.900033015617262e-13
1.4187957093941742e+19,0.001418795709394174,0.0003608288028191669,8.899835354603571e-13
1.4574914307212214e+19,0.0014574914307212215,0.0003608201176149338,8.899632307868795e-13
1.4972425251644428e+19,0.0014972425251644427,0.00036081119577966386,8.899423728812827e-13
1.5380777765887121e+19,0.001538077776588712,0.00036080203087316727,8.899209466853208e-13
1.5800267538996412e+19,0.0015800267538996413,0.0003607926162803563,8.898989367317312e-13
1.623119832454485e+19,0.001623119832454485,0.0003607829452065183,8.898763271331745e-13
1.6673882160570126e+19,0.0016673882160570127,0.00036077301067246177,8.898531015708784e-13
1.7128639595522583e+19,0.0017128639595522582,0.00036076280550952886,8.898292432829705e-13
1.7595799920375124e+19,0.0017595799920375123,0.00036075232235447817,8.898047350525024e-13
1.8075701407063622e+19,0.0018075701407063622,0.00036074155364422853,8.897795591951582e-13
1.85686915534303e+19,0.0018568691553430298,0.000360730491610463,8.897536975466208e-13
1.907512733484838e+19,0.001907512733484838,0.00036071912827408863,8.897271314496154e-13
1.9595375462707917e+19,0.0019595375462707915,0.0003607074554395488,8.896998417405964e-13
2.0129812649953018e+19,0.002012981264995302,0.0003606954646889819,8.896718087360837e-13
2.0678825883860455e+19,0.0020678825883860457,0.0003606831473762267,8.896430122186307e-13
2.1242812706258104e+19,0.0021242812706258104,0.00036067049462066555,8.896134314224217e-13
2.182218150138596e+19,0.002182218150138596,0.0003606574973009071,8.895830450184815e-13
2.2417351791608156e+19,0.0022417351791608154,0.0003606441460482952,8.895518310994956e-13
2.3028754541190144e+19,0.0023028754541190143,0.00036063043124025143,8.895197671642212e-13
2.3656832468360765e+19,0.0023656832468360767,0.0003606163429934362,8.89486830101481e-13
2.4302040365886407e+19,0.0024302040365886406,0.0003606018711567293,8.894529961737467e-13
2.4964845430386373e+19,0.0024964845430386373,0.0003605870053040265,8.89418241000262e-13
2.5645727600631894e+19,0.0025645727600631892,0.0003605717347268397,8.893825395397411e-13
2.6345179905070756e+19,0.0026345179905070755,0.00036055604842670725,8.893458660725917e-13
2.706370881883041e+19,0.002706370881883041,0.0003605399351073992,8.893081941826719e-13
2.7801834630457872e+19,0.0027801834630457874,0.0003605233831669177,8.8926949673857e-13
2.8560091818661913e+19,0.0028560091818661914,0.0003605063806892853,8.892297458743744e-13
2.9339029439330402e+19,0.00293390294393304,0.0003604889154361166,8.89188912969951e-13
3.0139211523102798e+19,0.00301392115231028,0.00036047097483796767,8.891469686306842e-13
3.0961217483787067e+19,0.003096121748378707,0.00036045254598545735,8.891038826666992e-13
3.1805642537913197e+19,0.00318056425379132,0.0003604336156201553,8.890596240715174e-13
3.2673098135731913e+19,0.0032673098135731914,0.0003604141701252285,8.89014161000167e-13
3.3564212403967046e+19,0.0033564212403967048,0.0003603941955158423,8.889674607467061e-13
3.447963060064366e+19,0.0034479630600643663,0.0003603736774293129,8.889194897211534e-13
3.5420015582320943e+19,0.003542001558232094,0.0003603526011149946,8.888702134258265e-13
3.6386048284068282e+19,0.003638604828406828,0.0003603309514239095,8.888195964310408e-13
3.7378428212532e+19,0.0037378428212532003,0.0003603087127981009,8.887676023501826e-13
3.8397873952449544e+19,0.0038397873952449543,0.00036028586925971,8.887141938141297e-13
3.9445123686979674e+19,0.003944512368697968,0.0003602624043997669,8.886593324449958e-13
4.052093573222085e+19,0.004052093573222085,0.00036023830136668993,8.886029788291914e-13
4.1626089086311e+19,0.0041626089086311,0.00036021354285448615,8.885450924897863e-13
4.2761383993501704e+19,0.004276138399350171,0.0003601881110906413,8.884856318581486e-13
4.3927642523616985e+19,0.004392764252361699,0.0003601619878237005,8.884245542448415e-13
4.512570916731608e+19,0.004512570916731609,0.0003601351543105232,8.883618158097678e-13
4.635645144759123e+19,0.004635645144759123,0.0003601075913032086,8.882973715315396e-13
4.762076054794317e+19,0.004762076054794317,0.00036007927903568276,8.882311751760535e-13
4.89195519576889e+19,0.004891955195768891,0.0003600501972099421,8.88163179264248e-13
5.0253766134871335e+19,0.005025376613487133,0.00036002032498193797,8.880933350390335e-13
5.162436918724491e+19,0.005162436918724491,0.0003599896409471006,8.880215924313672e-13
5.303235357183812e+19,0.005303235357183813,0.00035995812312549126,8.879479000254496e-13
5.447873881359374e+19,0.005447873881359374,0.000359925748946571,8.878722050230306e-13
5.596457224360927e+19,0.005596457224360927,0.0003598924952335836,8.877944532067998e-13
5.7490929757512016e+19,0.005749092975751202,0.0003598583381875349,8.877145889028305e-13
5.905891659451771e+19,0.005905891659451771,0.0003598232533707656,8.876325549420753e-13
6.066966813773694e+19,0.006066966813773693,0.0003597872156901086,8.875482926208615e-13
6.232435073630834e+19,0.006232435073630834,0.00035975019937961106,8.874617416603992e-13
6.402416254995689e+19,0.006402416254995689,0.000359712177982828,8.873728401652412e-13
6.5770334416581255e+19,0.006577033441658125,0.00035967312433465767,8.872815245806994e-13
6.7564130743508574e+19,0.006756413074350857,0.00035963301054272814,8.871877296491779e-13
6.9406850423054385e+19,0.006940685042305439,0.0003595918079683086,8.870913883654062e-13
7.129982777305371e+19,0.00712998277730537,0.0003595494872067425,8.869924319305352e-13
7.3244433503043895e+19,0.00732444335030439,0.0003595060180673925,8.868907897050862e-13
7.524207570679874e+19,0.007524207570679874,0.0003594613695530814,8.867863891607157e-13
7.729420088193266e+19,0.007729420088193267,0.0003594155098390219,8.866791558307718e-13
7.940229497731247e+19,0.007940229497731247,0.00035936840625122227,8.865690132596172e-13
8.156788446903924e+19,0.008156788446903923,0.0003593200252443561,8.864558829506845e-13
8.379253746576944e+19,0.008379253746576944,0.00035927033237908467,8.863396843132516e-13
8.607786484418891e+19,0.008607786484418891,0.00035921929229882206,8.862203346078872e-13
8.842552141545192e+19,0.008842552141545192,0.00035916686870592627,8.860977488905571e-13
9.0837207123434e+19,0.0090837207123434,0.0003591130243373107,8.85971839955347e-13
9.331466827566547e+19,0.009331466827566547,0.00035905772093945703,8.858425182757858e-13
9.585969880783698e+19,0.0095859698807837,0.00035900091924282156,8.8570969194473e-13
9.847414158279279e+19,0.009847414158279279,0.0003589425789356203,8.855732666127815e-13
1.0115988972495135e+20,0.010115988972495134,0.0003588826586369828,8.854331454252083e-13
1.0391888799112474e+20,0.010391888799112474,0.0003588211158694578,8.852892289573401e-13
1.0675313417871681e+20,0.01067531341787168,0.0003587579070308597,8.851414151484042e-13
1.0966468057233655e+20,0.010966468057233655,0.0003586929873654434,8.849895992337686e-13
1.1265563542986154e+20,0.011265563542986154,0.000358626310934396,8.848336736755668e-13
1.1572816450903256e+20,0.011572816450903257,0.0003585578305856259,8.846735280916665e-13
1.1888449263568427e+20,0.011888449263568428,0.00035848749792284396,8.845090491829497e-13
1.2212690531474684e+20,0.012212690531474684,0.0003584152632739163,8.843401206588815e-13
1.2545775038518585e+20,0.012545775038518584,0.00035834107565848103,8.841666231613198e-13
1.2887943972007702e+20,0.012887943972007702,0.00035826488275481305,8.839884341865409e-13
1.3239445097305375e+20,0.013239445097305375,0.00035818663086591845,8.838054280054613e-13
1.3600532937237584e+20,0.013600532937237585,0.00035810626488486,8.836174755819873e-13
1.397146895639397e+20,0.01397146895639397,0.0003580237282592789,8.834244444895054e-13
1.435252175045488e+20,0.01435252175045488,0.00035793896295511997,8.8322619882544e-13
1.4743967240682155e+20,0.014743967240682155,0.0003578519094195347,8.830225991238754e-13
1.5146088873714398e+20,0.015146088873714398,0.0003577625065429496,8.828135022661849e-13
1.5559177826811376e+20,0.015559177826811377,0.0003576706916202938,8.82598761389663e-13
1.5983533218696187e+20,0.015983533218696187,0.0003575764003113676,8.823782257940939e-13
1.641946232614772e+20,0.01641946232614772,0.0003574795666003399,8.821517408462604e-13
1.6867280806501076e+20,0.016867280806501076,0.00035738012275436133,8.819191478823327e-13
1.7327312926215e+20,0.017327312926214998,0.0003572779992812842,8.816802841081231e-13
1.7799891795674553e+20,0.017799891795674552,0.0003571731248864743,8.814349824971698e-13
1.828535961039704e+20,0.01828535961039704,0.0003570654264287034,8.811830716866244e-13
1.87840678988166e+20,0.0187840678988166,0.00035695482887511284,8.809243758709064e-13
1.929637777682683e+20,0.01929637777682683,0.0003568412552552348,8.806587146931032e-13
1.9822660209265666e+20,0.019822660209265666,0.0003567246266140626,8.803859031340904e-13
2.0363296278531945e+20,0.020363296278531947,0.00035660486196416113,8.801057513993362e-13
2.0918677460527933e+20,0.020918677460527932,0.00035648187823680426,8.798180648033769e-13
2.1489205908128655e+20,0.021489205908128656,0.00035635559023213784,8.795226436519283e-13
2.2075294742380773e+20,0.022075294742380774,0.00035622591056834766,8.792192831216206e-13
2.2677368351645218e+20,0.022677368351645216,0.0003560927496298432,8.789077731373317e-13
2.3295862698897673e+20,0.023295862698897673,0.00035595601551443305,8.78587898247099e-13
2.3931225637410433e+20,0.023931225637410434,0.00035581561397949625,8.782594374945947e-13
2.4583917235044054e+20,0.024583917235044054,0.0003556714483871443,8.779221642891457e-13
2.5254410107383618e+20,0.025254410107383617,0.0003555234196483691,8.775758462732954e-13
2.594318975996085e+20,0.02594318975996085,0.0003553714261661713,8.772202451878814e-13
2.6650754939809618e+20,0.026650754939809618,0.0003552153637776745,8.768551167346365e-13
2.7377617996610778e+20,0.027377617996610776,0.0003550551256952209,8.764802104363012e-13
2.812430525368452e+20,0.02812430525368452,0.000354890602446451,8.760952694942382e-13
2.889135738910324e+20,0.028891357389103242,0.0003547216818133691,8.757000306435725e-13
2.967932982719765e+20,0.029679329827197648,0.00035454824877040537,8.752942240058367e-13
3.0488793140740876e+20,0.030488793140740877,0.00035437018542147316,8.748775729391452e-13
3.132033346410161e+20,0.03132033346410161,0.00035418737093603325,8.744497938859081e-13
3.2174552917665474e+20,0.032174552917665473,0.0003539996814841784,8.740105962181057e-13
3.305207004383154e+20,0.03305207004383154,0.0003538069901707486,8.73559682080125e-13
3.3953520254901505e+20,0.033953520254901504,0.00035360916696848684,8.730967462292252e-13
3.487955629318171e+20,0.03487955629318171,0.0003534060786502657,8.7262147587362e-13
3.583084870363645e+20,0.03583084870363645,0.0003531975887203901,8.721335505082477e-13
3.680808631943103e+20,0.036808086319431034,0.00035298355734500974,8.716326417482575e-13
3.781197676071748e+20,0.03781197676071748,0.00035276384128166057,8.711184131602735e-13
3.8843246947024096e+20,0.038843246947024096,0.00035253829380797123,8.705905200914738e-13
3.990264362361963e+20,0.03990264362361963,0.0003523067646495573,8.700486094965853e-13
4.099093390223335e+20,0.04099093390223335,0.0003520690999071488,8.694923197628273e-13
4.210890581652222e+20,0.04210890581652222,0.00035182514198298526,8.689212805329153e-13
4.3257368892689324e+20,0.04325736889268932,0.00035157472950652166,8.683351125262025e-13
4.443715473566178e+20,0.044437154735661774,0.0003513176972594977,8.677334273580598e-13
4.564911763125921e+20,0.04564911763125921,0.0003510538761004175,8.671158273576072e-13
4.68941351647839e+20,0.0468941351647839,0.0003507830928885014,8.66481905383911e-13
4.817310885648245e+20,0.048173108856482454,0.0003505051704071693,8.65831244640791e-13
4.948696481433878e+20,0.04948696481433878,0.00035021992728712347,8.651634184903537e-13
5.083665440467121e+20,0.05083665440467121,0.00034992717792910666,8.644779902654491e-13
5.222315494101915e+20,0.052223154941019145,0.0003496267324264088,8.637745130811769e-13
5.3647470391817745e+20,0.05364747039181775,0.00034931839648721415,8.630525296456532e-13
5.5110632107375696e+20,0.0551106321073757,0.0003490019713568764,8.623115720702206e-13
5.661369956667587e+20,0.056613699566675876,0.00034867725374022245,8.615511616793246e-13
5.81577611445484e+20,0.058157761144548396,0.00034834403572398724,8.60770808820272e-13
5.974393489976512e+20,0.059743934899765115,0.0003480021046995012,8.599700126731282e-13
6.137336938462864e+20,0.06137336938462864,0.000347651243285741,8.591482610610182e-13
6.304724447664194e+20,0.06304724447664194,0.00034729122925288274,8.583050302610992e-13
6.476677223286052e+20,0.06476677223286052,0.00034692183544649213,8.574397848165262e-13
6.653319776754586e+20,0.06653319776754586,0.00034654282971249926,8.565519773497132e-13
6.834780015375524e+20,0.06834780015375523,0.00034615397482311815,8.556410483772614e-13
7.021189334952374e+20,0.07021189334952374,0.00034575502840387815,8.547064261268917e-13
7.212682714930137e+20,0.07212682714930137,0.0003453457428619407,8.537475263567943e-13
7.409398816134453e+20,0.07409398816134453,0.0003449258653159045,8.527637521778107e-13
7.611480081176202e+20,0.07611480081176202,0.0003444951375272799,8.517544938788705e-13
7.819072837594546e+20,0.07819072837594546,0.0003440532958338642,8.507191287561867e-13
8.032327403813055e+20,0.08032327403813054,0.00034360007108523655,8.496570209466703e-13
8.251398197985648e+20,0.08251398197985649,0.0003431351885806064,8.485675212661239e-13
8.47644384981116e+20,0.0847644384981116,0.0003426583680092781,8.47449967052761e-13
8.707627315397417e+20,0.08707627315397416,0.0003421693233939897,8.463036820166285e-13
8.945115995258441e+20,0.0894511599525844,0.0003416677630374141,8.451279760955851e-13
9.189081855529149e+20,0.09189081855529149,0.00034115338947211495,8.439221453184761e-13
9.439701552486735e+20,0.09439701552486734,0.0003406258994142739,8.426854716762106e-13
9.69715656046784e+20,0.0969715656046784,0.00034008498372151505,8.41417223001459e-13
9.961633303274565e+20,0.09961633303274565,0.00033953032735517763,8.401166528577728e-13
1.0233323289164402e+21,0.10233323289164402,0.0003389616093473969,8.387830004389118e-13
1.0512423249521835e+21,0.10512423249521835,0.0003383785027733806,8.374154904792481e-13
1.0799135281311928e+21,0.10799135281311928,0.00033778067472927574,8.360133331761514e-13
1.1093666993419582e+21,0.11093666993419582,0.0003371677863160574,8.345757241252823e-13
1.1396231656979116e+21,0.11396231656979115,0.0003365394926298658,8.331018442697987e-13
1.1707048359804764e+21,0.11707048359804764,0.0003358954427592735,8.315908598645057e-13
1.2026342165032613e+21,0.12026342165032612,0.0003352352797899407,8.300419224560414e-13
1.2354344274089366e+21,0.12354344274089366,0.0003345586408171886,8.284541688802246e-13
1.2691292194105873e+21,0.12691292194105872,0.000333865156966997,8.268267212777584e-13
1.3037429909896613e+21,0.13037429909896614,0.0003331544534259923,8.251586871295467e-13
1.3393008060629705e+21,0.13393008060629705,0.0003324261494809822,8.23449159312882e-13
1.3758284121315226e+21,0.13758284121315226,0.0003316798585686515,8.216972161798911e-13
1.413352258924395e+21,0.14133522589243952,0.00033091518833602135,8.199019216596265e-13
1.4518995175509813e+21,0.14518995175509813,0.0003301317407123306,8.180623253852725e-13
1.491498100175702e+21,0.14914981001757022,0.00032932911199300266,8.161774628479817e-13
1.5321766802292613e+21,0.15321766802292613,0.0003285068929363877,8.142463555789352e-13
1.573964713171147e+21,0.1573964713171147,0.0003276646688740086,8.12268011361247e-13
1.6168924578184028e+21,0.1616892457818403,0.0003268020198350435,8.102414244734301e-13
1.6609909982561103e+21,0.16609909982561102,0.00032591852068582455,8.081655759661722e-13
1.7062922663454515e+21,0.17062922663454516,0.00032501374128513687,8.060394339742405e-13
1.7528290648456335e+21,0.17528290648456335,0.0003240872466561405,8.038619540654007e-13
1.8006350911665042e+21,0.18006350911665042,0.00032313859717575513,8.01632079628276e-13
1.849744961768844e+21,0.18497449617688438,0.0003221673487823777,7.99348742301158e-13
1.900194237230286e+21,0.1900194237230286,0.0003211730532028142,7.970108624438021e-13
1.952019447994804e+21,0.19520194479948041,0.0003201552581993439,7.946173496543367e-13
2.0052581208244958e+21,0.20052581208244957,0.0003191135078378421,7.921671033334361e-13
2.059948805972804e+21,0.2059948805972804,0.00031804734277791945,7.896590132979761e-13
2.1161311050988483e+21,0.21161311050988482,0.0003169563005860412,7.870919604464425e-13
2.1738456999430854e+21,0.21738456999430852,0.00031583991607262503,7.844648174783893e-13
2.2331343817850374e+21,0.22331343817850374,0.00031469772165410584,7.817764496703182e-13
2.2940400817045323e+21,0.22940400817045323,0.00031352924774099905,7.790257157103579e-13
2.3566069016680965e+21,0.23566069016680966,0.00031233402315298137,7.762114685941829e-13
2.420880146463368e+21,0.2420880146463368,0.00031111157556202196,7.733325565846091e-13
2.4869063565043874e+21,0.24869063565043875,0.0003098614319646135,7.703878242373609e-13
2.5547333415316237e+21,0.25547333415316237,0.00030858311918413627,7.673761134954992e-13
2.6244102152311265e+21,0.26244102152311266,0.00030727616440440024,7.642962648550041e-13
2.6959874307978654e+21,0.26959874307978654,0.0003059400957354045,7.611471186040301e-13
2.7695168174690124e+21,0.27695168174690127,0.00030457444281232506,7.57927516138308e-13
2.845051618053596e+21,0.28450516180535956,0.00030317873742875806,7.546363013551924e-13
2.9226465274858423e+21,0.2922646527485842,0.00030175251420519266,7.512723221287677e-13
3.002357732429774e+21,0.3002357732429774,0.00030029531129368875,7.478344318684508e-13
3.0842429519642e+21,0.30842429519642,0.000298806671119678,7.443214911634022e-13
3.168361479377223e+21,0.3168361479377223,0.0002972861411617942,7.407323695150457e-13
3.254774225100651e+21,0.3254774225100651,0.00029573327477056444,7.370659471598792e-13
3.343543760815394e+21,0.3343543760815394,0.0002941476320267634,7.333211169846692e-13
3.434734364759767e+21,0.34347343647597667,0.0002925287806401567,7.294967865359931e-13
3.528412068273523e+21,0.3528412068273523,0.00029087629688928505,7.25591880125975e-13
3.62464470361128e+21,0.362464470361128,0.00028918976660287913,7.216053410358706e-13
3.7235019530601334e+21,0.3723501953060133,0.0002874687861833747,7.175361338190035e-13
3.8250553993966036e+21,0.38250553993966036,0.0002857129636729333,7.133832467043436e-13
3.929378577720011e+21,0.39293785777200113,0.00028392191986221696,7.091456941017674e-13
4.036547028699395e+21,0.4036547028699395,0.00028209528944208304,7.048225192098298e-13
4.146638353272696e+21,0.4146638353272696,0.0002802327221981985,7.004127967265443e-13
4.259732268837785e+21,0.4259732268837785,0.0002783338842484376,6.959156356634023e-13
4.375910666976029e+21,0.4375910666976029,0.00027639845932275444,6.913301822624845e-13
4.495257672750182e+21,0.4495257672750182,0.00027442615008505217,6.86655623016169e-13
4.617859705619514e+21,0.4617859705619514,0.0002724166794963693,6.818911877885314e-13
4.743805542016503e+21,0.4743805542016503,0.0002703697922184992,6.770361530370639e-13
4.873186379629842e+21,0.4873186379629842,0.00026828525605694165,6.720898451329388e-13
5.006095903441059e+21,0.5006095903441059,0.000266162863441826,6.670516437774174e-13
5.142630353562002e+21,0.5142630353562002,0.00026400243294521863,6.619209855115791e-13
5.282888594922545e+21,0.5282888594922546,0.000261803810832921,6.566973673158675e-13
5.42697218885892e+21,0.5426972188858921,0.00025956687264861025,6.513803502953761e-13
5.574985466654535e+21,0.5574985466654535,0.00025729152482783607,6.459695634461142e-13
5.727035605086504e+21,0.5727035605086503,0.00025497770633908833,6.404647074967955e-13
5.883232704032576e+21,0.5883232704032576,0.00025262539034879856,6.34865558819954e-13
6.043689866194911e+21,0.6043689866194911,0.0002502345859067863,6.291719734054012e-13
6.208523278997738e+21,0.6208523278997738,0.00024780533964829514,6.233838908882544e-13
6.377852298719147e+21,0.6377852298719148,0.000245337737508368,6.175013386228595e-13
6.551799536917212e+21,0.6551799536917211,0.00024283190644392049,6.115244357930978e-13
6.730490949213319e+21,0.6730490949213319,0.0002402880161584569,6.054533975486161e-13
6.914055926496949e+21,0.6914055926496948,0.00023770628082394712,5.992885391555704e-13
7.102627388617926e+21,0.7102627388617926,0.00023508696079395342,5.930302801495104e-13
7.296341880634013e+21,0.7296341880634013,0.0002324303643016506,5.866791484770117e-13
7.495339671683463e+21,0.7495339671683463,0.00022973684913594233,5.802357846116567e-13
7.699764856554484e+21,0.7699764856554484,0.0002270068242884138,5.737009456289079e-13
7.909765460024267e+21,0.7909765460024266,0.00022424075156343522,5.670755092234182e-13
8.125493544044334e+21,0.8125493544044334,0.00022143914714324695,5.603604776512064e-13
8.347105317848905e+21,0.8347105317848905,0.00021860258309944975,5.535569815781366e-13
8.57476125106639e+21,0.8574761251066391,0.00021573168884186878,5.466662838150965e-13
8.808626189915841e+21,0.8808626189915841,0.0002128271524953576,5.396897829192352e-13
9.048869476572497e+21,0.9048869476572496,0.000209889722194694,5.32629016639666e-13
9.295665071788877e+21,0.9295665071788877,0.00020692020728736184,5.254856651850814e-13
9.549191680860103e+21,0.9549191680860103,0.000203919479433652,5.182615542898398e-13
9.809632883025153e+21,0.9809632883025153,0.0002008884735932069,5.109586580542483e-13
1.007717726439658e+22,1.007717726439658,0.00019782818888687635,5.035791015340358e-13
1.0352018554516473e+22,1.0352018554516473,0.00019473968932249845,4.961251630532993e-13
1.0634355766636436e+22,1.0634355766636436,0.00019162410437307417,4.885992762146819e-13
1.092439334182355e+22,1.092439334182355,0.00018848262939568012,4.810040315800785e-13
1.1222341296996668e+22,1.1222341296996667,0.0001853165258794173,4.733421779948442e-13
1.1528415377000164e+22,1.1528415377000163,0.00018212712151072992,4.656166235283159e-13
1.1842837210825323e+22,1.1842837210825323,0.00017891581004452693,4.578304360034484e-13
1.2165834472092317e+22,1.2165834472092316,0.00017568405096974655,4.499868430885391e-13
1.2497641043909646e+22,1.2497641043909646,0.0001724333689582848,4.4208923192436495e-13
1.2838497188228861e+22,1.2838497188228861,0.00016916535308662148,4.341411482606743e-13
1.318864971981924e+22,1.3188649719819239,0.00016588165581994823,4.2614629507669954e-13
1.3548352184986857e+22,1.3548352184986856,0.0001625839917492512,4.181085306614648e-13
1.391786504516809e+22,1.391786504516809,0.00015927413607251523,4.100318661309153e-13
1.4297455865530388e+22,1.4297455865530388,0.00015595392281208333,4.0192046236045147e-13
1.4687399508716854e+22,1.4687399508716854,0.0001526252427611907,3.9377862631328557e-13
1.508797833387497e+22,1.508797833387497,0.00014929004115381443,3.8561080674714526e-13
1.5499482401113412e+22,1.5499482401113414,0.0001459503150532266,3.774215892842512e-13
1.5922209681535792e+22,1.5922209681535793,0.00014260811045602306,3.692156908321754e-13
1.635646627300152e+22,1.635646627300152,0.0001392655191099303,3.6099795334622427e-13
1.68025666217725e+22,1.68025666217725,0.0001359246750453112,3.527733369271921e-13
1.7260833750204318e+22,1.7260833750204319,0.00013258775082208987,3.445469122519783e-13
1.7731599490647532e+22,1.7731599490647532,0.00012925695349568964,3.363238523383617e-13
1.8215204725728278e+22,1.8215204725728278,0.0001259345203075786,3.281094236493495e-13
1.8711999635182215e+22,1.8711999635182215,0.00012262271410811885,3.1990897654687234e-13
1.922234394942054e+22,1.922234394942054,0.00011932381852159747,3.117279351091696e-13
1.974660721001148e+22,1.9746607210011478,0.00011604013286557197,3.035717863309861e-13
2.0285169037266918e+22,2.028516903726692,0.00011277396683896375,2.9544606873061974e-13
2.0838419405125404e+22,2.0838419405125403,0.00010952763499569662,2.873563603929489e-13
2.1406758923533896e+22,2.1406758923533897,0.00010630345102298512,2.7930826648264883e-13
2.199059912853022e+22,2.199059912853022,0.00010310372184575569,2.7130740626702167e-13
2.2590362780237363e+22,2.259036278023736,9.993074158094955e-05,2.6335939969299584e-13
2.3206484168985075e+22,2.3206484168985075,9.678678536768971e-05,2.5546985356791673e-13
2.3839409429780588e+22,2.3839409429780587,9.367410310141429e-05,2.476443473986889e-13
2.448959686535604e+22,2.448959686535604,9.05949131020697e-05,2.398884189485633e-13
2.515751727802644e+22,2.5157517278026438,8.755139574828324e-05,2.322075495753301e-13
2.5843654310599556e+22,2.5843654310599558,8.454568711105662e-05,2.246071494187924e-13
2.654850479658166e+22,2.6548504796581662,8.157987262194082e-05,2.1709254250917144e-13
2.72725791199367e+22,2.72725791199367,7.865598081175439e-05,2.096689518712742e-13
2.8016401584656354e+22,2.8016401584656356,7.57759771567868e-05,2.0234148470205277e-13
2.8780510794409853e+22,2.8780510794409855,7.294175806992873e-05,1.9511511770125912e-13
2.9565460042548223e+22,2.956546004254822,7.015514507435544e-05,1.8799468263638307e-13
3.037181771274534e+22,3.037181771274534,6.741787919719356e-05,1.8098485222381182e-13
3.1200167690565944e+22,3.1200167690565945,6.473161562002178e-05,1.7409012640814882e-13
3.2051109786258357e+22,3.205110978625836,6.209791862207298e-05,1.6731481912085192e-13
3.2925260169079584e+22,3.2925260169079587,5.951825685061139e-05,1.6066304559772164e-13
3.3823251813463434e+22,3.3823251813463435,5.699399895117218e-05,1.54138710332392e-13
3.4745734957359885e+22,3.4745734957359886,5.45264095881207e-05,1.4774549573963282e-13
3.5693377573073717e+22,3.569337757307372,5.211664588341565e-05,1.4148685159827085e-13
3.6666865850944902e+22,3.66668658509449,4.9765754298476126e-05,1.3536598533862001e-13
3.7666904696220717e+22,3.7666904696220715,4.74746679807415e-05,1.2938585323370937e-13
3.869421823947933e+22,3.8694218239479334,4.5244204592888566e-05,1.2354915254728361e-13
3.974955036097458e+22,3.974955036097458,4.307506463877636e-05,1.178583146846247e-13
4.083366522928108e+22,4.083366522928109,4.096783029608129e-05,1.1231549938478357e-13
4.194734785463198e+22,4.194734785463198,3.8922964761306425e-05,1.0692258998489868e-13
4.309140465734472e+22,4.309140465734472,3.6940812108490124e-05,1.0168118977909874e-13
4.4266664051753345e+22,4.426666405175334,3.5021597658506746e-05,9.659261948599956e-14
4.5473977046064985e+22,4.547397704606499,3.31654288515005e-05,9.165791583036489e-14
4.671421785857702e+22,4.671421785857702,3.1372296610707096e-05,8.687783123601643e-14
4.798828455070065e+22,4.798828455070065,2.9642077181826365e-05,8.225283461883188e-14
4.929709967724938e+22,4.929709967724937,2.7974534428254282e-05,7.778311326072491e-14
5.064161095446323e+22,5.064161095446323,2.6369322558937108e-05,7.346857573800254e-14
5.202279194625197e+22,5.202279194625197,2.4825989262435228e-05,6.930885587056004e-14
5.344164276915678e+22,5.344164276915678,2.3343979218025906e-05,6.53033176520892e-14
5.4899190816534625e+22,5.489919081653462,2.192263795239582e-05,6.145106111598195e-14
5.639649150249792e+22,5.6396491502497925,2.056121600866936e-05,5.775092908687022e-14
5.793462902614208e+22,5.793462902614208,1.9258873393269438e-05,5.4201514763958546e-14
5.951471715661677e+22,5.951471715661677,1.8014684265365073e-05,5.080117007935098e-14
6.113790003960882e+22,6.113790003960882,1.6827641833459214e-05,4.7548014772549124e-14
6.2805353025820976e+22,6.280535302582098,1.5696663423979327e-05,4.4439946121137116e-14
6.4518283522046165e+22,6.4518283522046165,1.4620595687525913e-05,4.1474649267335174e-14
6.627793186545324e+22,6.627793186545325,1.3598219909666775e-05,3.8649608080518413e-14
6.808557222172026e+22,6.808557222172026,1.2628257394783745e-05,3.5962116496866884e-14
6.994251350765777e+22,6.9942513507657775,1.1709374893427668e-05,3.340929027894781e-14
7.1850100339000855e+22,7.1850100339000855,1.0840190045822096e-05,3.0988079140038166e-14
7.3809714004048094e+22,7.3809714004048095,1.0019276816536793e-05,2.86952791803425e-14
7.582277346385584e+22,7.582277346385584,9.245170897809308e-06,2.6527545584698565e-14
7.789073637971137e+22,7.789073637971137,8.516375061473008e-06,2.4481405533822064e-14
8.001510016862905e+22,8.001510016862905,7.831364441862905e-06,2.255327128345419e-14
8.219740308763358e+22,8.219740308763358,7.188591734347687e-06,2.0739453367827756e-14
8.443922534761503e+22,8.443922534761503,6.586492296211503e-06,1.9036173885548726e-14
8.67421902575662e+22,8.67421902575662,6.023489138428039e-06,1.743957982721473e-14
8.91079654000205e+22,8.91079654000205,5.497997798395954e-06,1.5945756404815022e-14
9.15382638385552e+22,9.15382638385552,5.0084310848965106e-06,1.4550740343107125e-14
9.403484535822448e+22,9.403484535822448,4.5532036874013134e-06,1.325053309280774e-14
9.659951773982387e+22,9.659951773982387,4.130736642380404e-06,1.204111392453535e-14
9.923413806890892e+22,9.923413806890892,3.7394616494712125e-06,1.0918452861105767e-14
1.0194061408051531e+23,10.194061408051532,3.3778252302933926e-06,9.878523404081805e-15
1.0472090554055453e+23,10.472090554055454,3.044292722378992e-06,8.917315008534415e-15
1.0757702566488425e+23,10.757702566488424,2.7373521001880372e-06,8.030845257923337e-15
1.1051104257708632e+23,11.051104257708632,2.4555176145589958e-06,7.215171688999364e-15
1.1352508080599504e+23,11.352508080599504,2.1973332412748837e-06,6.46640321484166e-15
1.16621322824077e+23,11.6621322824077,1.9613759287728806e-06,5.780711092712657e-15
1.19802010627764e+23,11.9802010627764,1.7462586344713313e-06,5.1543393825361264e-15
1.2306944736088806e+23,12.306944736088806,1.550633138788797e-06,4.583614841596301e-15
1.264259989823936e+23,12.642599898239359,1.37319262575424e-06,4.06495620167233e-15
1.2987409597953402e+23,12.987409597953402,1.2126740192043674e-06,3.59488277636304e-15
1.3341623512779357e+23,13.341623512779357,1.067860063975055e-06,3.1700223489041718e-15
1.3705498129880741e+23,13.705498129880741,9.375811422469272e-07,2.787118294383385e-15
1.4079296931759592e+23,14.079296931759592,8.207168163142188e-07,2.4430358949297096e-15
1.446329058704413e+23,14.46329058704413,7.161970905123723e-07,2.134767812175609e-15
1.4857757146481017e+23,14.857757146481017,6.230033868456106e-07,1.859438687993447e-15
1.526298224427247e+23,15.262982244272472,5.401692309779527e-07,1.614308852114682e-15
1.5679259304904697e+23,15.679259304904697,4.6678064764409753e-07,1.3967771236093192e-15
1.610688975561727e+23,16.106889755617267,4.019762671522893e-07,1.2043827021901313e-15
1.6546183244667332e+23,16.546183244667333,3.4494714742761585e-07,1.0348061547281864e-15
1.6997457865546683e+23,16.997457865546682,2.949363189143869e-07,8.85869512027116e-16
1.7461040387313874e+23,17.461040387313876,2.5123806254850887e-07,7.555355005935257e-16
1.793726649120908e+23,17.93726649120908,2.1319693385140027e-07,6.41905943643621e-16
1.8426481013720853e+23,18.426481013720853,1.802065489133947e-07,5.432193746877186e-16
1.892903819628363e+23,18.929038196283628,1.5170815055540367e-07,4.578479155229663e-16
1.9445301941784673e+23,19.445301941784674,1.2718897521952135e-07,3.8429347815044515e-16
1.997564607806707e+23,19.97564607806707,1.0618044308262202e-07,3.2118335683515677e-16
2.0520454628619358e+23,20.52045462861936,8.825619546393726e-08,2.672652820985492e-16
2.1080122090647896e+23,21.080122090647897,7.303000476888033e-08,2.2140201274984856e-16
2.1655053720733246e+23,21.655053720733246,6.015358294981442e-08,1.8256554503592748e-16
2.2245665828277284e+23,22.245665828277286,4.931431475479465e-08,1.498310195661033e-16
2.2852386076954572e+23,22.852386076954573,4.02329418747489e-08,1.2237040683154365e-16
2.3475653794383598e+23,23.475653794383597,3.266122349779363e-08,9.94460509100194e-17
2.4115920290245695e+23,24.115920290245693,2.6379597757660793e-08,8.04041483822098e-17
2.4773649183079313e+23,24.773649183079314,2.1194867154547643e-08,6.466823567881938e-17
2.5449316735987337e+23,25.44931673598734,1.6937929273201917e-08,5.1732753150501896e-17
2.614341220150036e+23,26.14341220150036,1.3461572075942616e-08,4.115674825641151e-17
2.685643817584543e+23,26.85643817584543,1.063835076507243e-08,3.2557773574352514e-17
2.75889109628783e+23,27.5889109628783,8.358560752080264e-09,2.5606028034888066e-17
2.834136094793789e+23,28.34136094793789,6.5283187050774386e-09,2.00187820721793e-17
2.911433298190273e+23,29.11433298190273,5.067761036273564e-09,1.5555119467349457e-17
2.990838677571634e+23,29.90838677571634,3.909366601757584e-09,1.201102073479186e-17
3.0724097305676427e+23,30.724097305676427,2.996407876027545e-09,9.214805155917368e-18
3.156205522977641e+23,31.56205522977641,2.2815324881233185e-09,7.022941171937174e-18
3.2422867315402314e+23,32.422867315402314,1.7254748118352745e-09,5.31622795895061e-18
3.330715687869451e+23,33.307156878694514,1.2958953281236348e-09,3.9963447522318294e-18
3.421556423589222e+23,34.215564235892224,9.663437530604022e-10,2.9827589613099433e-18
3.514874716698942e+23,35.14874716698942,7.153404690979345e-10,2.2099793928205285e-18
3.610738139203189e+23,36.10738139203189,5.255696213180503e-10,1.6251370136908337e-18
3.709216106041171e+23,37.09216106041171,3.8317634415308e-10,1.185872653217226e-18
3.8103799253499396e+23,38.103799253499396,2.771599598753389e-10,8.585088420025467e-19
3.914302850098931e+23,39.14302850098931,1.9885462220947766e-10,6.164815770734446e-19
4.021060131132589e+23,40.21060131132589,1.4148874469873086e-10,4.390071239296427e-19
4.130729071659689e+23,41.30729071659689,9.98146269479612e-11,3.0995893958600053e-19
4.24338908322878e+23,42.4338908322878,6.979994220070263e-11,2.169303361867579e-19
4.359121743230247e+23,43.591217432302464,4.837314463582474e-11,1.5045950596711984e-19
4.478010853966873e+23,44.78010853966873,3.3215361642186406e-11,1.0339489639696401e-19
4.600142503334903e+23,46.00142503334903,2.2591923408114854e-11,7.038056229620851e-20
4.7256051271610046e+23,47.25605127161005,1.5217319741432557e-11,4.7442938007240695e-20
4.854489573238464e+23,48.54489573238464,1.0148035336545168e-11,3.16623840946505e-20
4.986889167110482e+23,49.86889167110482,6.698376510708688e-12,2.091479666810577e-20
5.122899779647389e+23,51.22899779647389,4.375045477496055e-12,1.3670462201439666e-20
5.26261989646698e+23,52.6261989646698,2.826827337593124e-12,8.839147889386396e-21
5.406150689248189e+23,54.06150689248189,1.8063189936704222e-12,5.652100634453579e-21
5.553596088989705e+23,55.535960889897055,1.1411407530314578e-12,3.5731617642684915e-21
5.705062861266892e+23,57.05062861266892,7.125264620913066e-13,2.2325750937200332e-21
5.860660683540499e+23,58.60660683540499,4.395855047429744e-13,1.3782675663402492e-21
6.020502224575023e+23,60.20502224575023,2.6787113063309496e-13,8.404164821193956e-22
6.184703226021928e+23,61.84703226021928,1.6117740260016757e-13,5.059930756610013e-22
6.353382586228689e+23,63.53382586228689,9.572588542062649e-14,3.00700950730182e-22
6.526662446333336e+23,65.26662446333336,5.6098157775440424e-14,1.7632429358867145e-22
6.704668278707144e+23,67.04668278707145,3.242681476137689e-14,1.0198096008066438e-22
6.887528977809488e+23,68.87528977809488,1.848138017642709e-14,5.815586726115861e-23
7.07537695352058e+23,70.7537695352058,1.0381788115336037e-14,3.268652035089543e-23
7.268348227020077e+23,72.68348227020077,5.745740017434693e-15,1.8099765997681388e-23
7.466582529279704e+23,74.66582529279704,3.1316936737152796e-15,9.870287682893474e-24
7.670223402243625e+23,76.70223402243624,1.6803139475048197e-15,5.298557372844174e-24
7.87941830276686e+23,78.79418302766861,8.87140878668515e-16,2.7987857640275475e-24
8.094318709389452e+23,80.94318709389452,4.606738513512412e-16,1.4540312442153683e-24
8.315080232022388e+23,83.15080232022389,2.3517745234524814e-16,7.42629708785305e-25
8.541862724625124e+23,85.41862724625123,1.1797654925153092e-16,3.727024462411295e-25
8.774830400956218e+23,87.74830400956218,5.812789416021853e-17,1.8371077911314882e-25
9.014151953480852e+23,90.14151953480852,2.8115610603314414e-17,8.889447721378806e-26
9.260000675521822e+23,92.60000675521822,1.3343311057721869e-17,4.2204809885223524e-26
9.512554586740842e+23,95.12554586740842,6.2102037226752515e-18,1.9650304786209094e-26
9.771996562044066e+23,97.71996562044066,2.8329631626566004e-18,8.967340835728493e-27
1.0038514464001424e+24,100.38514464001423,1.2659866095814752e-18,4.008718389684953e-27
1.0312301278878752e+24,103.12301278878752,5.538907034887709e-19,1.754481393517684e-27
1.0593555256379544e+24,105.93555256379544,2.3712249212053475e-19,7.513468268747651e-28
1.088248005319804e+24,108.8248005319804,9.926934681274248e-20,3.146450050581206e-28
1.1179284880487548e+24,111.79284880487548,4.061479583549573e-20,1.2877248541148577e-28
1.148418465535065e+24,114.8418465535065,1.622952450989472e-20,5.147224117128011e-29
1.1797400156461679e+24,117.97400156461678,6.329917098820375e-21,2.008118481570935e-29
1.2119158183932057e+24,121.19158183932056,2.4080840320286334e-21,7.64157222136709e-30
1.2449691723538143e+24,124.49691723538143,8.92954905796669e-22,2.8343685497771423e-30
1.2789240115425748e+24,127.89240115425748,3.225273694381703e-22,1.0240123575153065e-30
1.313804922741741e+24,131.3804922741741,1.1338861546711855e-22,3.6009426764754274e-31
1.349637163304578e+24,134.9637163304578,3.877183981369038e-23,1.2315945923580988e-31
1.386446679444274e+24,138.6446679444274,1.2884781123199909e-23,4.093828634362768e-32
1.424260125021658e+24,142.4260125021658,4.158264171261168e-24,1.3214865321052888e-32
1.463104880845311e+24,146.3104880845311,1.3021862221867087e-24,4.1392224222778084e-33
1.50300907449814e+24,150.300907449814,3.9536873790873188e-25,1.2570139318309198e-33
1.5440016007044939e+24,154.40016007044937,1.1628731933300405e-25,3.6979364938099656e-34
1.5861121422530767e+24,158.61121422530766,3.31044129018393e-26,1.0529303822813147e-34
1.6293711914901915e+24,162.93711914901914,9.113295313396861e-27,2.899167846498852e-35
1.6738100723993853e+24,167.38100723993853,2.4238352076376012e-27,7.712279027006804e-36
1.7194609632832096e+24,171.94609632832095,6.222431882724003e-28,1.9802462758951757e-36
1.7663569200636079e+24,176.63569200636078,1.5403765694758215e-28,4.90301411917635e-37
1.8145319002177905e+24,181.45319002177905,3.673434220727742e-29,1.1694551109439818e-37
1.8640207873669113e+24,186.40207873669112,8.430502970847574e-30,2.684341511905768e-38
1.9148594165354596e+24,191.48594165354595,1.8600122380768506e-30,5.923400470893599e-39
1.96708460009932e+24,196.708460009932,3.940870108681268e-31,1.2552103600026796e-39
2.0207341544419217e+24,202.07341544419216,8.009449481916988e-32,2.5514926069460146e-40
2.075846927337002e+24,207.5846927337002,1.559748681110305e-32,4.969489085145164e-41
2.1324628260784522e+24,213.24628260784522,2.906978314218688e-33,9.263234122857395e-42
2.1906228463772727e+24,219.06228463772726,5.178979355600958e-34,1.650543915509482e-42
2.250369102046667e+24,225.0369102046667,8.809021221433526e-35,2.8078311329171e-43
2.3117448554967572e+24,231.17448554967572,1.4287082145271743e-35,4.554552481406628e-44
2.3747945490609806e+24,237.47945490609806,2.2066233524239617e-36,7.035381907288631e-45
2.439563837176991e+24,243.9563837176991,3.241176448885635e-37,1.0335177513962221e-45
2.5060996194449347e+24,250.60996194449348,4.521392049377435e-38,1.4419220019976731e-46
2.574450074587838e+24,257.4450074587838,5.981714739794606e-39,1.9078675126867124e-47
2.6446646953377243e+24,264.46646953377245,7.494378447225475e-40,2.390615098350734e-48
2.7167943242735196e+24,271.67943242735197,8.878859020482749e-41,2.8325746670474462e-49
2.7908911906362703e+24,279.08911906362704,9.93179978806438e-42,3.168845090603362e-50
2.867008948148463e+24,286.7008948148463,1.0472914829394449e-42,3.341859451264195e-51
2.945202713864818e+24,294.5202713864818,1.0393863324596892e-43,3.3169880519869056e-52
3.025529108082658e+24,302.55291080826584,9.692552535424541e-45,3.0935001055210612e-53
3.108046295340928e+24,310.8046295340928,8.478389701087349e-46,2.7062580819282625e-54
3.192814026537006e+24,319.2814026537006,6.944561287479162e-47,2.216885903543816e-55
3.2798936821928273e+24,327.9893682192827,5.3168447237610934e-48,1.697438499017477e-56
3.3693483169003917e+24,336.9348316900392,3.797878778925323e-49,1.2126112507446493e-57
3.4612427049798747e+24,346.1242704979875,2.5262980199929048e-50,8.066857867591877e-59
3.555643387382846e+24,355.5643387382846,1.5618538544211358e-51,4.987678777785652e-60
3.652618719874736e+24,365.2618719874736,8.956564434911166e-53,2.8604657334307973e-61
3.752238922531414e+24,375.2238922531414,4.754414102327822e-54,1.5185478836097384e-62
3.854576130585683e+24,385.45761305856826,2.3312666982852053e-55,7.446610465353872e-64
3.959704446660739e+24,395.9704446660739,1.0536254167165151e-56,3.365790876421277e-65
4.0676999944277105e+24,406.76999944277105,4.37939466044961e-58,1.3990983133072773e-66
4.178640973727448e+24,417.8640973727448,1.6702572279890643e-59,5.336417898029184e-68
4.2926077171948585e+24,429.26077171948583,5.831426732077709e-61,1.863256759507486e-69
4.4096827484281306e+24,440.96827484281306,1.8592654040468897e-62,5.941139995488902e-71
4.529950841744241e+24,452.9950841744241,5.400169096500641e-64,1.7257003931331705e-72
4.653499083564243e+24,465.3499083564243,1.425173203917688e-65,4.554644366682875e-74
4.780416935472758e+24,478.0416935472758,3.4086857861550833e-67,1.0894360484147428e-75
4.910796298997292e+24,491.0796298997292,7.368838066170283e-69,2.355271152517777e-77
5.04473158215455e+24,504.473158215455,1.4358384899265541e-70,4.589589221962113e-79
5.182319767811075e+24,518.2319767811075,2.514639706825805e-72,8.038398552084186e-81
5.323660483909346e+24,532.3660483909346,3.946798582583915e-74,1.2617214928501451e-82
5.468856075608165e+24,546.8856075608164,5.534954093999433e-76,1.7695244957742685e-84
5.618011679391242e+24,561.8011679391242,6.914300960553709e-78,2.2106201054275093e-86
5.771235299196743e+24,577.1235299196743,7.669668130683432e-80,2.4522512615322285e-88
5.928637884623197e+24,592.8637884623197,7.529918091146031e-82,2.407689598683097e-90
6.090333411268386e+24,609.0333411268385,6.521419678828384e-84,2.0853240444567138e-92
6.256438963259291e+24,625.6438963259291,4.965300319828384e-86,1.5878058567087032e-94
6.427074818033257e+24,642.7074818033257,3.3118675808545724e-88,1.0591187413907319e-96
6.602364533430615e+24,660.2364533430615,1.9282143032092797e-90,6.166605235104283e-99
6.782435037163941e+24,678.2435037163941,9.762935793859768e-93,3.1224090610303794e-101
6.967416718726148e+24,696.7416718726148,4.282448721333881e-95,1.3696809883431264e-103
7.157443523806101e+24,715.74435238061,1.6210224103536778e-97,5.184818417127296e-106
7.352653051278965e+24,735.2653051278966,5.273791247369769e-100,1.6868798100497676e-108
7.553186652841893e+24,755.3186652841893,1.4685815199243023e-102,4.69759255873764e-111
7.759189535367126e+24,775.9189535367126,3.4855346096100345e-105,1.1149674497848734e-113
7.970810866046589e+24,797.0810866046588,7.020070771697526e-108,2.2456869438846582e-116
8.188203880404541e+24,818.8203880404541,1.1944473425074724e-110,3.821106211332391e-119
8.411525993255076e+24,841.1525993255076,1.7090129513915973e-113,5.46740551234802e-122
8.6409389126875e+24,864.09389126875,2.0465445014238933e-116,6.547423327792503e-125
8.876608757158817e+24,887.6608757158816,2.0411877791540978e-119,6.530477843910247e-128
9.118706175780854e+24,911.8706175780853,1.6871796184822365e-122,5.398033553519219e-131
9.367406471887626e+24,936.7406471887626,1.1498140034495538e-125,3.6788629430213945e-134
9.622889729972916e+24,962.2889729972916,6.426760680421005e-129,2.0563138737789959e-137
9.885340946089894e+24,988.5340946089893,2.9302362595012594e-132,9.375850992588829e-141
1.0154950161807132e+25,1015.4950161807132,1.0837833989024697e-135,3.4678544547769345e-144
1.0431912601818579e+25,1043.1912601818578,3.233173174576467e-139,1.034563571627662e-147
1.0716428815305334e+25,1071.6428815305335,7.734129205396884e-143,2.4748508767023312e-151
1.1008704821154964e+25,1100.8704821154963,1.4745838615273503e-146,4.718631313180796e-155
1.1308952257139362e+25,1130.8952257139363,2.2269531773982514e-150,7.126334134346195e-159
1.1617388533162596e+25,1161.7388533162596,2.6471015600620727e-154,8.470982930042163e-163
1.1934236988687872e+25,1193.4236988687871,2.460405977893012e-158,7.873678442800377e-167
1.2259727054458185e+25,1225.9727054458185,1.7762360096978207e-162,5.68432461620556e-171
1.2594094418627683e+25,1259.4094418627683,9.891304934034734e-167,3.1654736628744314e-175
1.2937581197423928e+25,1293.7581197423929,4.218760619750603e-171,1.350132940658217e-179
1.3290436110465382e+25,1329.0436110465382,1.3681374232736338e-175,4.378522068679901e-184
1.3652914660858727e+25,1365.2914660858726,3.3483960554109732e-180,1.0716191306576774e-188
1.4025279320210774e+25,1402.5279320210773,6.137140794251937e-185,1.9641524619539011e-193
1.4407799718683633e+25,1440.7799718683632,8.357688989046595e-190,2.6748562978805155e-198
1.4800752840235096e+25,1480.0752840235095,8.38826563869757e-195,2.6846720665916253e-203
1.5204423223183303e+25,1520.4423223183303,6.153224455109852e-200,1.9693655494957024e-208
1.5619103166241624e+25,1561.9103166241625,3.270829251988272e-205,1.0468529095535898e-213
1.604509294017289e+25,1604.509294017289,1.248866227732482e-210,3.9971241605548664e-219
1.6482701005216036e+25,1648.2701005216036,3.394306287269929e-216,1.0863915956242325e-224
1.6932244234443605e+25,1693.2244234443606,6.506242142030668e-222,2.0824231320303706e-230
1.739404814320881e+25,1739.4048143208809,8.711852825753771e-228,2.7883829864002706e-236
1.7868447124853927e+25,1786.8447124853926,8.069302527106097e-234,2.5827406003430147e-242
1.8355784692843813e+25,1835.5784692843813,5.118404798885538e-240,1.6382572223047571e-248
1.8856413729505528e+25,1885.6413729505527,2.2004689386566765e-246,7.043121122707752e-255
1.937069674155118e+25,1937.0696741551178,6.344015490166617e-253,2.0305626701812468e-261
1.9899006122569885e+25,1989.9006122569886,1.2132275649884186e-259,3.883260161519875e-268
2.044172442267893e+25,2044.172442267893,1.5218815859545072e-266,4.871211132992471e-275
2.099924462552902e+25,2099.924462552902,1.2378809574479852e-273,3.962202571172432e-282
2.157197043286561e+25,2157.197043286561,6.452068181072952e-281,2.065181772459048e-289
2.2160316556848396e+25,2216.0316556848397,2.1289415241127892e-288,6.814350380415226e-297
2.2764709020347864e+25,2276.4709020347864,4.3918971565263547e-296,1.405769584913951e-304
2.3385585465427555e+25,2338.5585465427557,5.592364990096127e-304,1.790023008884e-312
2.402339547024263e+25,2402.339547024263,4.33783850019e-312,1.3883e-320
2.4678600874580364e+25,2467.8600874580366,2.022e-320,0.0
2.535167611427942e+25,2535.167611427942,0.0,0.0
2.604310856477006e+25,2604.310856477006,0.0,0.0
2.6753398893983624e+25,2675.339889398362,0.0,0.0
2.7483061424888522e+25,2748.3061424888524,0.0,0.0
2.823262450791033e+25,2823.2624507910327,0.0,0.0
2.900263090351473e+25,2900.263090351473,0.0,0.0
2.9793638175219247e+25,2979.363817521925,0.0,0.0
3.0606219093327466e+25,3060.621909332747,0.0,0.0
3.1440962049673186e+25,3144.0962049673185,0.0,0.0
3.2298471483676405e+25,3229.8471483676403,0.0,0.0
3.317936832001938e+25,3317.936832001938,0.0,0.0
3.4084290418259407e+25,3408.4290418259407,0.0,0.0
3.5013893034705933e+25,3501.3893034705934,0.0,0.0
3.5968849296890117e+25,3596.8849296890116,0.0,0.0
3.694985069098213e+25,3694.985069098213,0.0,0.0
3.795760756249481e+25,3795.760756249481,0.0,0.0
3.899284963064806e+25,3899.2849630648057,0.0,0.0
4.005632651675998e+25,4005.632651675998,0.0,0.0
4.114880828704958e+25,4114.880828704958,0.0,0.0
4.227108601024354e+25,4227.108601024354,0.0,0.0
4.34239723303907e+25,4342.39723303907,0.0,0.0
4.460830205530137e+25,4460.830205530137,0.0,0.0
4.58249327610298e+25,4582.49327610298,0.0,0.0
4.7074745412852095e+25,4707.47454128521,0.0,0.0
4.835864500317141e+25,4835.864500317141,0.0,0.0
4.967756120682694e+25,4967.756120682694,0.0,0.0
5.103244905427336e+25,5103.244905427336,0.0,0.0
5.242428962312081e+25,5242.42896231208,0.0,0.0
5.38540907485355e+25,5385.40907485355,0.0,0.0
5.532288775301522e+25,5532.288775301522,0.0,0.0
5.683174419607069e+25,5683.174419607069,0.0,0.0
5.838175264434891e+25,5838.175264434891,0.0,0.0
5.997403546276515e+25,5997.403546276515,0.0,0.0
6.160974562720967e+25,6160.974562720968,0.0,0.0
6.32900675594204e+25,6329.00675594204,0.0,0.0
6.5016217984625605e+25,6501.62179846256,0.0,0.0
6.678944681257764e+25,6678.944681257764,0.0,0.0
6.861103804261562e+25,6861.103804261562,0.0,0.0
7.048231069341195e+25,7048.231069341195,0.0,0.0
7.240461975807923e+25,7240.461975807923,0.0,0.0
7.437935718532073e+25,7437.935718532073,0.0,0.0
7.640795288734604e+25,7640.795288734604,0.0,0.0
7.84918757752735e+25,7849.187577527351,0.0,0.0
8.063263482277235e+25,8063.263482277235,0.0,0.0
8.283178015871422e+25,8283.178015871423,0.0,0.0
8.509090418962524e+25,8509.090418962523,0.0,0.0
8.741164275275157e+25,8741.164275275158,0.0,0.0
8.979567630057234e+25,8979.567630057234,0.0,0.0
9.22447311176224e+25,9224.47311176224,0.0,0.0
9.476058057049478e+25,9476.058057049479,0.0,0.0
9.73450463919427e+25,9734.50463919427,0.0,0.0
1e+26,10000.0,0.0,0.0
