nH_cm2,nH_1e22,flux_hard_ph,flux_hard_erg
1e+19,0.001,0.0004554308676636675,2.6286573227430073e-12
1.0272736385307947e+19,0.0010272736385307946,0.0004554295739380433,2.628651703175488e-12
1.055291128420298e+19,0.001055291128420298,0.00045542824493392434,2.6286459303652948e-12
1.0840727572015876e+19,0.0010840727572015876,0.00045542687968947614,2.62864000013424e-12
1.1136393657225857e+19,0.0011136393657225857,0.00045542547721664996,2.6286339081902514e-12
1.1440123632369576e+19,0.0011440123632369577,0.000455424036500467,2.6286276501242598e-12
1.1752137429066426e+19,0.0011752137429066427,0.00045542255649829057,2.6286212214070357e-12
1.2072660977271007e+19,0.0012072660977271007,0.0004554210361390663,2.6286146173859057e-12
1.2401926368869927e+19,0.0012401926368869928,0.00045541947432255377,2.6286078332813817e-12
1.2740172025740018e+19,0.0012740172025740017,0.00045541786991852833,2.6286008641837245e-12
1.3087642872390193e+19,0.0013087642872390193,0.000455416221765966,2.628593705049378e-12
1.3444590513311896e+19,0.0013444590513311896,0.0004554145286722025,2.628586350697339e-12
1.3811273415166515e+19,0.0013811273415166516,0.00045541278941207914,2.6285787958054113e-12
1.4187957093941742e+19,0.001418795709394174,0.0004554110027270478,2.6285710349063576e-12
1.4574914307212214e+19,0.0014574914307212215,0.0004554091673242703,2.6285630623839435e-12
1.4972425251644428e+19,0.0014972425251644427,0.00045540728187567993,2.6285548724689026e-12
1.5380777765887121e+19,0.001538077776588712,0.0004554053450170259,2.628546459234746e-12
1.5800267538996412e+19,0.0015800267538996413,0.0004554033553468862,2.628537816593494e-12
1.623119832454485e+19,0.001623119832454485,0.00045540131142565726,2.628528938291279e-12
1.6673882160570126e+19,0.0016673882160570127,0.0004553992117745117,2.6285198179038285e-12
1.7128639595522583e+19,0.0017128639595522582,0.0004553970548743369,2.6285104488318198e-12
1.7595799920375124e+19,0.0017595799920375123,0.0004553948391646323,2.6285008242961255e-12
1.8075701407063622e+19,0.0018075701407063622,0.0004553925630423876,2.6284909373329212e-12
1.85686915534303e+19,0.0018568691553430298,0.00045539022486092357,2.6284807807886396e-12
1.907512733484838e+19,0.001907512733484838,0.0004553878229287065,2.628470347314826e-12
1.9595375462707917e+19,0.0019595375462707915,0.0004553853555081234,2.6284596293628257e-12
2.0129812649953018e+19,0.002012981264995302,0.00045538282081423244,2.6284486191783475e-12
2.0678825883860455e+19,0.0020678825883860457,0.00045538021701347665,2.628437308795842e-12
2.1242812706258104e+19,0.0021242812706258104,0.00045537754222235504,2.6284256900327837e-12
2.182218150138596e+19,0.002182218150138596,0.00045537479450607175,2.628413754483749e-12
2.2417351791608156e+19,0.0022417351791608154,0.00045537197187713567,2.628401493514351e-12
2.3028754541190144e+19,0.0023028754541190143,0.0004553690722939305,2.6283888982550367e-12
2.3656832468360765e+19,0.0023656832468360767,0.00045536609365924146,2.6283759595946503e-12
2.4302040365886407e+19,0.0024302040365886406,0.0004553630338187445,2.6283626681738898e-12
2.4964845430386373e+19,0.0024964845430386373,0.00045535989055945166,2.628349014378546e-12
2.5645727600631894e+19,0.0025645727600631892,0.0004553566616081191,2.62833498833258e-12
2.6345179905070756e+19,0.0026345179905070755,0.0004553533446296077,2.628320579890998e-12
2.706370881883041e+19,0.002706370881883041,0.00045534993722519954,2.6283057786325282e-12
2.7801834630457872e+19,0.0027801834630457874,0.0004553464369308734,2.628290573852126e-12
2.8560091818661913e+19,0.0028560091818661914,0.00045534284121552656,2.6282749545532465e-12
2.9339029439330402e+19,0.00293390294393304,0.00045533914747915316,2.628258909439927e-12
3.0139211523102798e+19,0.00301392115231028,0.00045533535305097215,2.6282424269086444e-12
3.0961217483787067e+19,0.003096121748378707,0.0004553314551875076,2.62822549503996e-12
3.1805642537913197e+19,0.00318056425379132,0.00045532745107060735,2.628208101589929e-12
3.2673098135731913e+19,0.0032673098135731914,0.00045532333780542186,2.6281902339812775e-12
3.3564212403967046e+19,0.0033564212403967048,0.00045531911241831514,2.6281718792943663e-12
3.447963060064366e+19,0.0034479630600643663,0.00045531477185473004,2.628153024257868e-12
3.5420015582320943e+19,0.003542001558232094,0.0004553103129769888,2.628133655239213e-12
3.6386048284068282e+19,0.003638604828406828,0.0004553057325620366,2.6281137582347974e-12
3.7378428212532e+19,0.0037378428212532003,0.00045530102729912615,2.6280933188598866e-12
3.8397873952449544e+19,0.0038397873952449543,0.00045529619378743234,2.6280723223382635e-12
3.9445123686979674e+19,0.003944512368697968,0.0004552912285336138,2.6280507534916125e-12
4.052093573222085e+19,0.004052093573222085,0.00045528612794930003,2.6280285967285965e-12
4.1626089086311e+19,0.0041626089086311,0.0004552808883485108,2.6280058360336437e-12
4.2761383993501704e+19,0.004276138399350171,0.0004552755059450142,2.6279824549554234e-12
4.3927642523616985e+19,0.004392764252361699,0.0004552699768496014,2.627958436595039e-12
4.512570916731608e+19,0.004512570916731609,0.0004552642970672986,2.627933763593858e-12
4.635645144759123e+19,0.004635645144759123,0.0004552584624944966,2.6279084181210652e-12
4.762076054794317e+19,0.004762076054794317,0.0004552524689160072,2.6278823818608243e-12
4.89195519576889e+19,0.004891955195768891,0.00045524631200203757,2.6278556359991535e-12
5.0253766134871335e+19,0.005025376613487133,0.0004552399873050873,2.627828161210388e-12
5.162436918724491e+19,0.005162436918724491,0.0004552334902567564,2.6277999376433136e-12
5.303235357183812e+19,0.005303235357183813,0.00045522681616446846,2.627770944906923e-12
5.447873881359374e+19,0.005447873881359374,0.0004552199602081136,2.627741162055778e-12
5.596457224360927e+19,0.005596457224360927,0.0004552129174365873,2.6277105675749843e-12
5.7490929757512016e+19,0.005749092975751202,0.0004552056827642479,2.6276791393647574e-12
5.905891659451771e+19,0.005905891659451771,0.00045519825096727564,2.6276468547245784e-12
6.066966813773694e+19,0.006066966813773693,0.00045519061667992903,2.627613690336919e-12
6.232435073630834e+19,0.006232435073630834,0.0004551827743907089,2.627579622250535e-12
6.402416254995689e+19,0.006402416254995689,0.0004551747184384118,2.627544625863291e-12
6.5770334416581255e+19,0.006577033441658125,0.00045516644300808384,2.6275086759045644e-12
6.7564130743508574e+19,0.006756413074350857,0.00045515794212685985,2.627471746417118e-12
6.9406850423054385e+19,0.006940685042305439,0.0004551492096596996,2.6274338107385488e-12
7.129982777305371e+19,0.00712998277730537,0.00045514023930499827,2.6273948414821886e-12
7.3244433503043895e+19,0.00732444335030439,0.00045513102459009174,2.6273548105175244e-12
7.524207570679874e+19,0.007524207570679874,0.0004551215588666314,2.6273136889500704e-12
7.729420088193266e+19,0.007729420088193267,0.00045511183530584176,2.6272714471007174e-12
7.940229497731247e+19,0.007940229497731247,0.0004551018468936471,2.6272280544845213e-12
8.156788446903924e+19,0.008156788446903923,0.0004550915864256745,2.627183479788922e-12
8.379253746576944e+19,0.008379253746576944,0.0004550810465021112,2.6271376908514034e-12
8.607786484418891e+19,0.008607786484418891,0.00045507021952244055,2.6270906546364962e-12
8.842552141545192e+19,0.008842552141545192,0.00045505909768002266,2.6270423372122363e-12
9.0837207123434e+19,0.0090837207123434,0.00045504767295654323,2.6269927037259436e-12
9.331466827566547e+19,0.009331466827566547,0.0004550359371163037,2.6269417183793864e-12
9.585969880783698e+19,0.0095859698807837,0.0004550238817003687,2.6268893444032608e-12
9.847414158279279e+19,0.009847414158279279,0.0004550114980205496,2.626835544030995e-12
1.0115988972495135e+20,0.010115988972495134,0.0004549987771532365,2.626780278471865e-12
1.0391888799112474e+20,0.010391888799112474,0.00045498570993305845,2.626723507883374e-12
1.0675313417871681e+20,0.01067531341787168,0.0004549722869463812,2.6266651913429266e-12
1.0966468057233655e+20,0.010966468057233655,0.0004549584985246292,2.626605286818716e-12
1.1265563542986154e+20,0.011265563542986154,0.00045494433473743345,2.626543751139863e-12
1.1572816450903256e+20,0.011572816450903257,0.00045492978538559377,2.626480539965737e-12
1.1888449263568427e+20,0.011888449263568428,0.00045491483999386223,2.6264156077544934e-12
1.2212690531474684e+20,0.012212690531474684,0.00045489948780352406,2.626348907730753e-12
1.2545775038518585e+20,0.012545775038518584,0.00045488371776479676,2.6262803918524202e-12
1.2887943972007702e+20,0.012887943972007702,0.0004548675185290179,2.6262100107766516e-12
1.3239445097305375e+20,0.013239445097305375,0.00045485087844063064,2.6261377138248928e-12
1.3600532937237584e+20,0.013600532937237585,0.00045483378552895967,2.6260634489470065e-12
1.397146895639397e+20,0.01397146895639397,0.0004548162274997706,2.625987162684444e-12
1.435252175045488e+20,0.01435252175045488,0.0004547981917266022,2.625908800132459e-12
1.4743967240682155e+20,0.014743967240682155,0.00045477966524188105,2.6258283049013038e-12
1.5146088873714398e+20,0.015146088873714398,0.00045476063472779134,2.6257456190764337e-12
1.5559177826811376e+20,0.015559177826811377,0.0004547410865069189,2.6256606831776173e-12
1.5983533218696187e+20,0.015983533218696187,0.0004547210065326347,2.6255734361170147e-12
1.641946232614772e+20,0.01641946232614772,0.0004547003803792423,2.6254838151561525e-12
1.6867280806501076e+20,0.016867280806501076,0.0004546791932318623,2.6253917558617227e-12
1.7327312926215e+20,0.017327312926214998,0.00045465742987604423,2.6252971920602872e-12
1.7799891795674553e+20,0.017799891795674552,0.00045463507468712373,2.6252000557917375e-12
1.828535961039704e+20,0.01828535961039704,0.0004546121116192935,2.6251002772615897e-12
1.87840678988166e+20,0.0187840678988166,0.00045458852419439066,2.624997784791989e-12
1.929637777682683e+20,0.01929637777682683,0.00045456429549039514,2.624892504771471e-12
1.9822660209265666e+20,0.019822660209265666,0.0004545394081296349,2.6247843616033776e-12
2.0363296278531945e+20,0.020363296278531947,0.00045451384426667467,2.624673277652979e-12
2.0918677460527933e+20,0.020918677460527932,0.0004544875855759066,2.624559173193157e-12
2.1489205908128655e+20,0.021489205908128656,0.0004544606132388059,2.6244419663487506e-12
2.2075294742380773e+20,0.022075294742380774,0.00045443290793087247,2.624321573039404e-12
2.2677368351645218e+20,0.022677368351645216,0.0004544044498082312,2.624197906920959e-12
2.3295862698897673e+20,0.023295862698897673,0.00045437521849388355,2.6240708793253236e-12
2.3931225637410433e+20,0.023931225637410434,0.00045434519306361695,2.6239403991988045e-12
2.4583917235044054e+20,0.024583917235044054,0.0004543143520315516,2.623806373038837e-12
2.5254410107383618e+20,0.025254410107383617,0.0004542826733353116,2.623668704829097e-12
2.594318975996085e+20,0.02594318975996085,0.0004542501343208272,2.6235272959729325e-12
2.6650754939809618e+20,0.026650754939809618,0.0004542167117267497,2.6233820452251145e-12
2.7377617996610778e+20,0.027377617996610776,0.0004541823816684686,2.6232328486218092e-12
2.812430525368452e+20,0.02812430525368452,0.00045414711962172606,2.623079599408803e-12
2.889135738910324e+20,0.028891357389103242,0.00045411090040581916,2.6229221879678582e-12
2.967932982719765e+20,0.029679329827197648,0.00045407369816637756,2.6227605017412187e-12
3.0488793140740876e+20,0.030488793140740877,0.0004540354863577102,2.6225944251542007e-12
3.132033346410161e+20,0.03132033346410161,0.00045399623772471,2.62242383953581e-12
3.2174552917665474e+20,0.032174552917665473,0.00045395592428430553,2.6222486230373654e-12
3.305207004383154e+20,0.03305207004383154,0.0004539145173064497,2.6220686505490722e-12
3.3953520254901505e+20,0.033953520254901504,0.00045387198729464085,2.621883793614478e-12
3.487955629318171e+20,0.03487955629318171,0.0004538283039659563,2.6216939203427976e-12
3.583084870363645e+20,0.03583084870363645,0.0004537834362305906,2.6214988953190542e-12
3.680808631943103e+20,0.036808086319431034,0.0004537373521709008,2.621298579511962e-12
3.781197676071748e+20,0.03781197676071748,0.00045369001901992526,2.621092830179484e-12
3.8843246947024096e+20,0.038843246947024096,0.00045364140313937953,2.620881500772134e-12
3.990264362361963e+20,0.03990264362361963,0.00045359146999712384,2.620664440833777e-12
4.099093390223335e+20,0.04099093390223335,0.0004535401841440679,2.6204414959000714e-12
4.210890581652222e+20,0.04210890581652222,0.0004534875091905367,2.620212507394348e-12
4.3257368892689324e+20,0.04325736889268932,0.0004534334077820398,2.6199773125209537e-12
4.443715473566178e+20,0.044437154735661774,0.0004533778415744846,2.6197357441560197e-12
4.564911763125921e+20,0.04564911763125921,0.0004533207712087778,2.6194876307355008e-12
4.68941351647839e+20,0.0468941351647839,0.0004532621562848266,2.61923279614057e-12
4.817310885648245e+20,0.048173108856482454,0.0004532019553349271,2.6189710595801743e-12
4.948696481433878e+20,0.04948696481433878,0.0004531401257965159,2.6187022354707913e-12
5.083665440467121e+20,0.05083665440467121,0.00045307662398428705,2.6184261333132964e-12
5.222315494101915e+20,0.052223154941019145,0.00045301140506165047,2.618142557566883e-12
5.3647470391817745e+20,0.05364747039181775,0.0004529444230115278,2.6178513075199468e-12
5.5110632107375696e+20,0.0551106321073757,0.0004528756306064724,2.6175521771579776e-12
5.661369956667587e+20,0.056613699566675876,0.00045280497937809675,2.6172449550282224e-12
5.81577611445484e+20,0.058157761144548396,0.0004527324195857985,2.616929424101303e-12
5.974393489976512e+20,0.059743934899765115,0.0004526579001847777,2.6166053616294544e-12
6.137336938462864e+20,0.06137336938462864,0.00045258136879332267,2.6162725390015586e-12
6.304724447664194e+20,0.06304724447664194,0.00045250277165936317,2.6159307215947884e-12
6.476677223286052e+20,0.06476677223286052,0.0004524220536262686,2.615579668622813e-12
6.653319776754586e+20,0.06653319776754586,0.00045233915809789475,2.615219132980548e-12
6.834780015375524e+20,0.06834780015375523,0.00045225402700284774,2.614848861085367e-12
7.021189334952374e+20,0.07021189334952374,0.00045216660075797293,2.61446859271468e-12
7.212682714930137e+20,0.07212682714930137,0.0004520768182310381,2.6140780608399234e-12
7.409398816134453e+20,0.07409398816134453,0.00045198461670262647,2.6136769914567426e-12
7.611480081176202e+20,0.07611480081176202,0.00045188993182719583,2.6132651034114708e-12
7.819072837594546e+20,0.07819072837594546,0.00045179269759332253,2.6128421082237755e-12
8.032327403813055e+20,0.08032327403813054,0.0004516928462831036,2.6124077099053425e-12
8.251398197985648e+20,0.08251398197985649,0.00045159030843070993,2.6119616047747274e-12
8.47644384981116e+20,0.0847644384981116,0.0004514850127800909,2.611503481268099e-12
8.707627315397417e+20,0.08707627315397416,0.00045137688624180046,2.6110330197460276e-12
8.945115995258441e+20,0.0894511599525844,0.00045126585384896637,2.6105498922960873e-12
9.189081855529149e+20,0.09189081855529149,0.000451151838712365,2.6100537625313835e-12
9.439701552486735e+20,0.09439701552486734,0.000451034761974613,2.6095442853848106e-12
9.69715656046784e+20,0.0969715656046784,0.00045091454276346217,2.6090211068991023e-12
9.961633303274565e+20,0.09961633303274565,0.00045079109814419815,2.608483864012588e-12
1.0233323289164402e+21,0.10233323289164402,0.0004506643430711273,2.6079321843405903e-12
1.0512423249521835e+21,0.10512423249521835,0.0004505341903381566,2.607365685952503e-12
1.0799135281311928e+21,0.10799135281311928,0.00045040055052846195,2.6067839771443904e-12
1.1093666993419582e+21,0.11093666993419582,0.00045026333196323875,2.6061866562072133e-12
1.1396231656979116e+21,0.11396231656979115,0.00045012244064953906,2.6055733111905518e-12
1.1707048359804764e+21,0.11707048359804764,0.00044997778022718885,2.6049435196618368e-12
1.2026342165032613e+21,0.12026342165032612,0.000449829251914792,2.604296848461074e-12
1.2354344274089366e+21,0.12354344274089366,0.0004496767544548278,2.603632853451058e-12
1.2691292194105873e+21,0.12691292194105872,0.00044952018405782635,2.602951079262973e-12
1.3037429909896613e+21,0.13037429909896614,0.00044935943434566217,2.602251059037564e-12
1.3393008060629705e+21,0.13393008060629705,0.00044919439629393114,2.601532314161625e-12
1.3758284121315226e+21,0.13758284121315226,0.0004490249581734608,2.6007943540000685e-12
1.413352258924395e+21,0.14133522589243952,0.0004488510054909323,2.6000366756233816e-12
1.4518995175509813e+21,0.14518995175509813,0.0004486724209286492,2.599258763530601e-12
1.491498100175702e+21,0.14914981001757022,0.00044848908428345597,2.598460089367825e-12
1.5321766802292613e+21,0.15321766802292613,0.0004483008724048311,2.5976401116422435e-12
1.573964713171147e+21,0.1573964713171147,0.00044810765913216866,2.5967982754317877e-12
1.6168924578184028e+21,0.1616892457818403,0.0004479093152312755,2.5959340120904415e-12
1.6609909982561103e+21,0.16609909982561102,0.0004477057083301101,2.5950467389492177e-12
1.7062922663454515e+21,0.17062922663454516,0.000447496702853785,2.5941358590129993e-12
1.7528290648456335e+21,0.17528290648456335,0.0004472821599588721,2.5932007606531726e-12
1.8006350911665042e+21,0.18006350911665042,0.00044706193746704275,2.5922408172962884e-12
1.849744961768844e+21,0.18497449617688438,0.0004468358897980754,2.5912553871087825e-12
1.900194237230286e+21,0.1900194237230286,0.00044660386790228883,2.5902438126778897e-12
1.952019447994804e+21,0.19520194479948041,0.0004463657191924188,2.5892054206889223e-12
2.0052581208244958e+21,0.20052581208244957,0.0004461212874750238,2.5881395215990086e-12
2.059948805972804e+21,0.2059948805972804,0.0004458704128814408,2.587045409307518e-12
2.1161311050988483e+21,0.21161311050988482,0.00044561293179837453,2.5859223608233272e-12
2.1738456999430854e+21,0.21738456999430852,0.0004453486767981719,2.584769635929118e-12
2.2331343817850374e+21,0.22331343817850374,0.0004450774765688442,2.5835864768429732e-12
2.2940400817045323e+21,0.22940400817045323,0.00044479915584393927,2.582372107877444e-12
2.3566069016680965e+21,0.23566069016680966,0.00044451353533230345,2.581125735096448e-12
2.420880146463368e+21,0.2420880146463368,0.00044422043164785515,2.57984654597018e-12
2.4869063565043874e+21,0.24869063565043875,0.00044391965723943977,2.578533709028399e-12
2.5547333415316237e+21,0.25547333415316237,0.00044361102032087514,2.577186373512423e-12
2.6244102152311265e+21,0.26244102152311266,0.0004432943248012842,2.575803669026195e-12
2.6959874307978654e+21,0.26959874307978654,0.0004429693702158452,2.574384705186765e-12
2.7695168174690124e+21,0.27695168174690127,0.00044263595165705083,2.5729285712746237e-12
2.845051618053596e+21,0.28450516180535956,0.0004422938597066349,2.5714343358843722e-12
2.9226465274858423e+21,0.2922646527485842,0.00044194288036828036,2.5699010465761387e-12
3.002357732429774e+21,0.3002357732429774,0.00044158279500126647,2.568327729528256e-12
3.0842429519642e+21,0.30842429519642,0.0004412133802552034,2.566713389191809e-12
3.168361479377223e+21,0.3168361479377223,0.00044083440800601344,2.5650570079475334e-12
3.254774225100651e+21,0.3254774225100651,0.0004404456452933459,2.5633575457657447e-12
3.343543760815394e+21,0.3343543760815394,0.0004400468542595901,2.5616139398699357e-12
3.434734364759767e+21,0.34347343647597667,0.0004396377920906939,2.559825104404705e-12
3.528412068273523e+21,0.3528412068273523,0.00043921821095898824,2.5579899301088052e-12
3.62464470361128e+21,0.362464470361128,0.0004387878579682308,2.556107283994054e-12
3.7235019530601334e+21,0.3723501953060133,0.00043834647510109827,2.5541760090309108e-12
3.8250553993966036e+21,0.38250553993966036,0.00043789379916937143,2.5521949238416663e-12
3.929378577720011e+21,0.39293785777200113,0.00043742956176705586,2.5501628224020932e-12
4.036547028699395e+21,0.4036547028699395,0.0004369534892267151,2.54807847375256e-12
4.146638353272696e+21,0.4146638353272696,0.0004364653025792918,2.5459406217196435e-12
4.259732268837785e+21,0.4259732268837785,0.0004359647175176965,2.5437479846492933e-12
4.375910666976029e+21,0.4375910666976029,0.0004354514443645034,2.5414992551527205e-12
4.495257672750182e+21,0.4495257672750182,0.00043492518804403576,2.5391930998661655e-12
4.617859705619514e+21,0.4617859705619514,0.00043438564805921526,2.5368281592258442e-12
4.743805542016503e+21,0.4743805542016503,0.0004338325184734959,2.5344030472593494e-12
4.873186379629842e+21,0.4873186379629842,0.0004332654878982848,2.531916351394916e-12
5.006095903441059e+21,0.5006095903441059,0.0004326842394862026,2.5293666322899983e-12
5.142630353562002e+21,0.5142630353562002,0.00043208845093060786,2.5267524236806454e-12
5.282888594922545e+21,0.5282888594922546,0.0004314777944717979,2.524072232253289e-12
5.42697218885892e+21,0.5426972188858921,0.00043085193691032,2.5213245375405785e-12
5.574985466654535e+21,0.5574985466654535,0.00043021053962785086,2.5185077918430256e-12
5.727035605086504e+21,0.5727035605086503,0.0004295532586161096,2.5156204201781622e-12
5.883232704032576e+21,0.5883232704032576,0.0004288797445143032,2.512660820259208e-12
6.043689866194911e+21,0.6043689866194911,0.00042818964265560456,2.5096273625050978e-12
6.208523278997738e+21,0.6208523278997738,0.0004274825931231872,2.506518390083939e-12
6.377852298719147e+21,0.6377852298719148,0.0004267582308163698,2.5033322189919914e-12
6.551799536917212e+21,0.6551799536917211,0.00042601618552742197,2.5000671381703223e-12
6.730490949213319e+21,0.6730490949213319,0.00042525608202961286,2.496721409661426e-12
6.914055926496949e+21,0.6914055926496948,0.0004244775401771073,2.493293268808098e-12
7.102627388617926e+21,0.7102627388617926,0.0004236801750173105,2.4897809244970092e-12
7.296341880634013e+21,0.7296341880634013,0.0004228635969163063,2.4861825594494388e-12
7.495339671683463e+21,0.7495339671683463,0.0004220274116980223,2.482496330561715e-12
7.699764856554484e+21,0.7699764856554484,0.0004211712207977998,2.47872036929801e-12
7.909765460024267e+21,0.7909765460024266,0.0004202946214310321,2.4748527821381863e-12
8.125493544044334e+21,0.8125493544044334,0.0004193972067775773,2.4708916510834563e-12
8.347105317848905e+21,0.8347105317848905,0.00041847856618263286,2.4668350342226785e-12
8.57476125106639e+21,0.8574761251066391,0.0004175382853748106,2.4626809663622245e-12
8.808626189915841e+21,0.8808626189915841,0.00041657594670211603,2.4584274597223083e-12
9.048869476572497e+21,0.9048869476572496,0.00041559112938658433,2.4540725047028543e-12
9.295665071788877e+21,0.9295665071788877,0.000414583409798303,2.4496140707219035e-12
9.549191680860103e+21,0.9549191680860103,0.0004135523617495832,2.4450501071296527e-12
9.809632883025153e+21,0.9809632883025153,0.0004124975568100042,2.440378544201313e-12
1.007717726439658e+22,1.007717726439658,0.0004114185646431111,2.435597294211872e-12
1.0352018554516473e+22,1.0352018554516473,0.00041031495336548313,2.4307042525959643e-12
1.0634355766636436e+22,1.0634355766636436,0.0004091862899289426,2.425697299196028e-12
1.092439334182355e+22,1.092439334182355,0.00040803214052660057,2.4205742996019134e-12
1.1222341296996668e+22,1.1222341296996667,0.000406852071023498,2.4153331065851232e-12
1.1528415377000164e+22,1.1528415377000163,0.00040564564741251503,2.4099715616307674e-12
1.1842837210825323e+22,1.1842837210825323,0.0004044124362962428,2.4044874965703942e-12
1.2165834472092317e+22,1.2165834472092316,0.0004031520053954757,2.39887873531866e-12
1.2497641043909646e+22,1.2497641043909646,0.00040186392408494287,2.3931430957168263e-12
1.2838497188228861e+22,1.2838497188228861,0.00040054776395687965,2.3872783914859348e-12
1.318864971981924e+22,1.3188649719819239,0.00039920309941297936,2.3812824342924375e-12
1.3548352184986857e+22,1.3548352184986856,0.00039782950828523296,2.3751530359288566e-12
1.391786504516809e+22,1.391786504516809,0.00039642657248610205,2.368888010611954e-12
1.4297455865530388e+22,1.4297455865530388,0.00039499387868842227,2.3624851774007063e-12
1.4687399508716854e+22,1.4687399508716854,0.0003935310190353417,2.355942362736155e-12
1.508797833387497e+22,1.508797833387497,0.00039203759188056016,2.3492574031049615e-12
1.5499482401113412e+22,1.5499482401113414,0.00039051320255901296,2.342428147828284e-12
1.5922209681535792e+22,1.5922209681535793,0.0003889574641880834,2.3354524619772383e-12
1.635646627300152e+22,1.635646627300152,0.00038736999849930796,2.3283282294159694e-12
1.68025666217725e+22,1.68025666217725,0.00038575043670044097,2.3210533559729016e-12
1.7260833750204318e+22,1.7260833750204319,0.0003840984203676143,2.3136257727404658e-12
1.7731599490647532e+22,1.7731599490647532,0.00038241360236721634,2.3060434395030628e-12
1.8215204725728278e+22,1.8215204725728278,0.00038069564780696,2.29830434829264e-12
1.8711999635182215e+22,1.8711999635182215,0.00037894423501546605,2.290406527070788e-12
1.922234394942054e+22,1.922234394942054,0.00037715905654953986,2.2823480435355875e-12
1.974660721001148e+22,1.9746607210011478,0.0003753398202281294,2.274127009051031e-12
2.0285169037266918e+22,2.028516903726692,0.00037348625019178945,2.2657415826961394e-12
2.0838419405125404e+22,2.0838419405125403,0.0003715980879862878,2.257189975430232e-12
2.1406758923533896e+22,2.1406758923533897,0.0003696750936687559,2.2484704543701194e-12
2.199059912853022e+22,2.199059912853022,0.00036771704693463325,2.2395813471743393e-12
2.2590362780237363e+22,2.259036278023736,0.0003657237482633637,2.230521046528582e-12
2.3206484168985075e+22,2.3206484168985075,0.0003636950200806288,2.221288014725869e-12
2.3839409429780588e+22,2.3839409429780587,0.00036163070793462465,2.211880788334e-12
2.448959686535604e+22,2.448959686535604,0.00035953068168365277,2.202297982942004e-12
2.515751727802644e+22,2.5157517278026438,0.00035739483669203643,2.1925382979763508e-12
2.5843654310599556e+22,2.5843654310599558,0.0003552230950311023,2.182600521576741e-12
2.654850479658166e+22,2.6548504796581662,0.0003530154066817048,2.1724835355203178e-12
2.72725791199367e+22,2.72725791199367,0.00035077175073448493,2.162186320182035e-12
2.8016401584656354e+22,2.8016401584656356,0.00034849213658377006,2.1517079595180514e-12
2.8780510794409853e+22,2.8780510794409855,0.0003461766051107589,2.141047646057771e-12
2.9565460042548223e+22,2.956546004254822,0.00034382522985133173,2.130204685889264e-12
3.037181771274534e+22,3.037181771274534,0.0003414381181435455,2.1191785036215916e-12
3.1200167690565944e+22,3.1200167690565945,0.0003390154122496216,2.1079686473065723e-12
3.2051109786258357e+22,3.205110978625836,0.0003365572904469195,2.096574793301473e-12
3.2925260169079584e+22,3.2925260169079587,0.00033406396808216657,2.084996751052976e-12
3.3823251813463434e+22,3.3823251813463435,0.0003315356985829491,2.073234467781978e-12
3.4745734957359885e+22,3.4745734957359886,0.0003289727744202176,2.061288033047491e-12
3.5693377573073717e+22,3.569337757307372,0.0003263755280153762,2.0491576831673184e-12
3.6666865850944902e+22,3.66668658509449,0.0003237443325852928,2.0368438054721093e-12
3.7666904696220717e+22,3.7666904696220715,0.000321079602918422,2.0243469423686896e-12
3.869421823947933e+22,3.8694218239479334,0.00031838179607508634,2.0116677951878683e-12
3.974955036097458e+22,3.974955036097458,0.00031565141200483803,1.9988072277913243e-12
4.083366522928108e+22,4.083366522928109,0.0003128889940737684,1.985766269911686e-12
4.194734785463198e+22,4.194734785463198,0.0003100951294945976,1.9725461201995756e-12
4.309140465734472e+22,4.309140465734472,0.0003072704496523946,1.959148148951224e-12
4.4266664051753345e+22,4.426666405175334,0.00030441563031883195,1.945573900490171e-12
4.5473977046064985e+22,4.547397704606499,0.00030153139174802016,1.9318250951767146e-12
4.671421785857702e+22,4.671421785857702,0.0002986184986471318,1.9179036310191605e-12
4.798828455070065e+22,4.798828455070065,0.00029567776001526773,1.903811584861404e-12
4.929709967724938e+22,4.929709967724937,0.00029271002884433535,1.8895512131221356e-12
5.064161095446323e+22,5.064161095446323,0.00028971620167607046,1.8751249520619955e-12
5.202279194625197e+22,5.202279194625197,0.00028669721800980805,1.860535417556274e-12
5.344164276915678e+22,5.344164276915678,0.000283654059556105,1.8457854043520966e-12
5.4899190816534625e+22,5.489919081653462,0.00028058774933195565,1.8308778847911e-12
5.639649150249792e+22,5.6396491502497925,0.0002774993505939894,1.8158160069803124e-12
5.793462902614208e+22,5.793462902614208,0.00027438996560682653,1.8006030923965471e-12
5.951471715661677e+22,5.951471715661677,0.00027126073424461135,1.7852426329121226e-12
6.113790003960882e+22,6.113790003960882,0.0002681128324246394,1.7697382872325906e-12
6.2805353025820976e+22,6.280535302582098,0.00026494747037302457,1.754093876740427e-12
6.4518283522046165e+22,6.4518283522046165,0.00026176589072339783,1.738313380741952e-12
6.627793186545324e+22,6.627793186545325,0.0002585693664507833,1.7224009311186044e-12
6.808557222172026e+22,6.808557222172026,0.0002553591986439838,1.7063608063874645e-12
6.994251350765777e+22,6.9942513507657775,0.0002521367141210928,1.6901974251803009e-12
7.1850100339000855e+22,7.1850100339000855,0.0002489032628940156,1.6739153391545314e-12
7.3809714004048094e+22,7.3809714004048095,0.00024566021548925885,1.657519225354242e-12
7.582277346385584e+22,7.582277346385584,0.0002424089601335962,1.6410138780439395e-12
7.789073637971137e+22,7.789073637971137,0.0002391508998146017,1.6244042000424912e-12
8.001510016862905e+22,8.001510016862905,0.00023588744922742444,1.607695193589534e-12
8.219740308763358e+22,8.219740308763358,0.0002326200316205354,1.5908919507813614e-12
8.443922534761503e+22,8.443922534761503,0.00022935007555451045,1.5739996436181218e-12
8.67421902575662e+22,8.67421902575662,0.000226079011589184,1.5570235137086486e-12
8.91079654000205e+22,8.91079654000205,0.00022280826891573618,1.5399688616838642e-12
9.15382638385552e+22,9.15382638385552,0.00021953927195136108,1.5228410363736702e-12
9.403484535822448e+22,9.403484535822448,0.00021627343691520712,1.5056454238063038e-12
9.659951773982387e+22,9.659951773982387,0.00021301216840515505,1.4883874360925928e-12
9.923413806890892e+22,9.923413806890892,0.0002097568559957237,1.471072500260559e-12
1.0194061408051531e+23,10.194061408051532,0.0002065088708779791,1.4537060471084688e-12
1.0472090554055453e+23,10.472090554055454,0.0002032695625627073,1.4362935001463265e-12
1.0757702566488425e+23,10.757702566488424,0.00020004025566828753,1.4188402646972504e-12
1.1051104257708632e+23,11.051104257708632,0.00019682224681468943,1.4013517172307348e-12
1.1352508080599504e+23,11.352508080599504,0.0001936168016447622,1.3838331949998812e-12
1.16621322824077e+23,11.6621322824077,0.00019042515199347389,1.3662899860536545e-12
1.19802010627764e+23,11.9802010627764,0.0001872484932250562,1.3487273196937506e-12
1.2306944736088806e+23,12.306944736088806,0.0001840879817570092,1.331150357443092e-12
1.264259989823936e+23,12.642599898239359,0.00018094473278870026,1.3135641845896822e-12
1.2987409597953402e+23,12.987409597953402,0.00017781981825083025,1.295973802365473e-12
1.3341623512779357e+23,13.341623512779357,0.00017471426499034073,1.278384120814875e-12
1.3705498129880741e+23,13.705498129880741,0.0001716290532034158,1.2607999524019388e-12
1.4079296931759592e+23,14.079296931759592,0.00016856511512712395,1.2432260063986874e-12
1.446329058704413e+23,14.46329058704413,0.00016552333399795372,1.2256668840901499e-12
1.4857757146481017e+23,14.857757146481017,0.00016250454328303268,1.2081270748237594e-12
1.526298224427247e+23,15.262982244272472,0.0001595095261872821,1.1906109529228088e-12
1.5679259304904697e+23,15.679259304904697,0.00015653901543707932,1.1731227754749858e-12
1.610688975561727e+23,16.106889755617267,0.00015359369333832153,1.1556666809982517e-12
1.6546183244667332e+23,16.546183244667333,0.00015067419210405258,1.1382466889773202e-12
1.6997457865546683e+23,16.997457865546682,0.00014778109444414398,1.1208667002550416e-12
1.7461040387313874e+23,17.461040387313876,0.00014491493440691534,1.1035304982541434e-12
1.793726649120908e+23,17.93726649120908,0.00014207619846007502,1.0862417509961488e-12
1.8426481013720853e+23,18.426481013720853,0.00013926532679605088,1.069004013876227e-12
1.892903819628363e+23,18.929038196283628,0.00013648271484460994,1.051820733144885e-12
1.9445301941784673e+23,19.445301941784674,0.0001337287149737875,1.0346952500406085e-12
1.997564607806707e+23,19.97564607806707,0.00013100363835849208,1.0176308055112258e-12
2.0520454628619358e+23,20.52045462861936,0.00012830775699480034,1.0006305454564973e-12
2.1080122090647896e+23,21.080122090647897,0.00012564130583693278,9.836975264199954e-13
2.1655053720733246e+23,21.655053720733246,0.00012300448503318608,9.668347216550534e-13
2.2245665828277284e+23,22.245665828277286,0.00012039746223674052,9.500450274872664e-13
2.2852386076954572e+23,22.852386076954573,0.00011782037496723727,9.33331269894818e-13
2.3475653794383598e+23,23.475653794383597,0.00011527333299934348,9.166962112279583e-13
2.4115920290245695e+23,24.115920290245693,0.00011275642075514969,9.001425569897769e-13
2.4773649183079313e+23,24.773649183079314,0.00011026969967821124,8.836729626026601e-13
2.5449316735987337e+23,25.44931673598734,0.0001078132105682652,8.672900400877141e-13
2.614341220150036e+23,26.14341220150036,0.00010538697585714652,8.509963645884139e-13
2.685643817584543e+23,26.85643817584543,0.0001029910018081209,8.347944806744174e-13
2.75889109628783e+23,27.5889109628783,0.00010062528062273407,8.186869083668446e-13
2.834136094793789e+23,28.34136094793789,9.828979244130971e-05,8.026761488324218e-13
2.911433298190273e+23,29.11433298190273,9.598450722529476e-05,7.867646896999121e-13
2.990838677571634e+23,29.90838677571634,9.370938651188262e-05,7.709550099593988e-13
3.0724097305676427e+23,30.724097305676427,9.146438503344586e-05,7.552495844113411e-13
3.156205522977641e+23,31.56205522977641,8.924945219650116e-05,7.39650887639486e-13
3.2422867315402314e+23,32.422867315402314,8.706453341697944e-05,7.241613974883256e-13
3.330715687869451e+23,33.307156878694514,8.490957131055279e-05,7.087835980323879e-13
3.421556423589222e+23,34.215564235892224,8.278450673860973e-05,6.935199820308797e-13
3.514874716698942e+23,35.14874716698942,8.068927971215703e-05,6.783730528670061e-13
3.610738139203189e+23,36.10738139203189,7.862383015745292e-05,6.633453259767947e-13
3.709216106041171e+23,37.09216106041171,7.658809854847056e-05,6.484393297768131e-13
3.8103799253499396e+23,38.103799253499396,7.458202641247511e-05,6.336576061048439e-13
3.914302850098931e+23,39.14302850098931,7.260555671587716e-05,6.190027101908597e-13
4.021060131132589e+23,40.21060131132589,7.065863413829821e-05,6.044772101789535e-13
4.130729071659689e+23,41.30729071659689,6.874120524330827e-05,5.900836862232337e-13
4.24338908322878e+23,42.4338908322878,6.685321855465614e-05,5.758247291825506e-13
4.359121743230247e+23,43.591217432302464,6.499462454699799e-05,5.617029389401932e-13
4.478010853966873e+23,44.78010853966873,6.316537556014442e-05,5.477209223753871e-13
4.600142503334903e+23,46.00142503334903,6.136542564574262e-05,5.338812910137497e-13
4.7256051271610046e+23,47.25605127161005,5.959473035502e-05,5.201866583833473e-13
4.854489573238464e+23,48.54489573238464,5.78532464759048e-05,5.066396371027124e-13
4.986889167110482e+23,49.86889167110482,5.614093172732942e-05,4.93242835725769e-13
5.122899779647389e+23,51.22899779647389,5.4457744418022895e-05,4.799988553675603e-13
5.26261989646698e+23,52.6261989646698,5.280364307648984e-05,4.669102861329819e-13
5.406150689248189e+23,54.06150689248189,5.1178586058243076e-05,4.5397970336899953e-13
5.553596088989705e+23,55.535960889897055,4.958253113569649e-05,4.4120966375897733e-13
5.705062861266892e+23,57.05062861266892,4.801543507545232e-05,4.286027012757744e-13
5.860660683540499e+23,58.60660683540499,4.647725320706791e-05,4.1616132300844946e-13
6.020502224575023e+23,60.20502224575023,4.4967938986712466e-05,4.0388800487530475e-13
6.184703226021928e+23,61.84703226021928,4.3487443558557e-05,3.9178518723457553e-13
6.353382586228689e+23,63.53382586228689,4.203571531612792e-05,3.798552704021089e-13
6.526662446333336e+23,65.26662446333336,4.06126994653695e-05,3.681006100841993e-13
6.704668278707144e+23,67.04668278707145,3.921833759068831e-05,3.565235127324397e-13
6.887528977809488e+23,68.87528977809488,3.78525672248669e-05,3.451262308265391e-13
7.07537695352058e+23,70.7537695352058,3.651532142340821e-05,3.3391095809037703e-13
7.268348227020077e+23,72.68348227020077,3.5206528343618084e-05,3.2287982464615767e-13
7.466582529279704e+23,74.66582529279704,3.392611082855654e-05,3.12034892111485e-13
7.670223402243625e+23,76.70223402243624,3.267398599584578e-05,3.0137814864413926e-13
7.87941830276686e+23,78.79418302766861,3.1450064831299026e-05,2.909115039400241e-13
8.094318709389452e+23,80.94318709389452,3.0254251787295575e-05,2.806367841900918e-13
8.315080232022388e+23,83.15080232022389,2.9086444385895323e-05,2.705557270030858e-13
8.541862724625124e+23,85.41862724625123,2.7946532826758487e-05,2.6066997630185756e-13
8.774830400956218e+23,87.74830400956218,2.6834399600054985e-05,2.5098107720217236e-13
9.014151953480852e+23,90.14151953480852,2.5749919104685152e-05,2.4149047088417246e-13
9.260000675521822e+23,92.60000675521822,2.4692957272284837e-05,2.321994894679633e-13
9.512554586740842e+23,95.12554586740842,2.3663371197658816e-05,2.2310935090623492e-13
9.771996562044066e+23,97.71996562044066,2.2661008776429482e-05,2.1422115390804674e-13
1.0038514464001424e+24,100.38514464001423,2.1685708350878276e-05,2.055358729095435e-13
1.0312301278878752e+24,103.12301278878752,2.0737298365081212e-05,1.9705435310849008e-13
1.0593555256379544e+24,105.93555256379544,1.9815597030606186e-05,1.887773055810324e-13
1.088248005319804e+24,108.8248005319804,1.892041200416384e-05,1.8070530250031696e-13
1.1179284880487548e+24,111.79284880487548,1.80515400787309e-05,1.7283877247789415e-13
1.148418465535065e+24,114.8418465535065,1.720876688977822e-05,1.651779960500468e-13
1.1797400156461679e+24,117.97400156461678,1.6391866638338163e-05,1.5772310133235384e-13
1.2119158183932057e+24,121.19158183932056,1.5600601832750038e-05,1.5047405986698206e-13
1.2449691723538143e+24,124.49691723538143,1.4834723050996567e-05,1.4343068268814035e-13
1.2789240115425748e+24,127.89240115425748,1.409396872565133e-05,1.3659261663235162e-13
1.313804922741741e+24,131.3804922741741,1.3378064953514677e-05,1.2995934092093707e-13
1.349637163304578e+24,134.9637163304578,1.268672533210515e-05,1.2353016404311618e-13
1.386446679444274e+24,138.6446679444274,1.2019650825235475e-05,1.173042209688161e-13
1.424260125021658e+24,142.4260125021658,1.1376529659964646e-05,1.1128047072093362e-13
1.463104880845311e+24,146.3104880845311,1.0757037257269285e-05,1.0545769433726811e-13
1.50300907449814e+24,150.300907449814,1.0160836198812976e-05,9.983449325260657e-14
1.5440016007044939e+24,154.40016007044937,9.58757623221887e-06,9.440928813155787e-14
1.5861121422530767e+24,158.61121422530766,9.03689431723815e-06,8.918031818241127e-14
1.6293711914901915e+24,162.93711914901914,8.508414715196856e-06,8.414564098194513e-14
1.6738100723993853e+24,167.38100723993853,8.001749124030063e-06,7.930313284011097e-14
1.7194609632832096e+24,171.94609632832095,7.516496861131417e-06,7.465048973239992e-14
1.7663569200636079e+24,176.63569200636078,7.052245096110121e-06,7.018522882602688e-14
1.8145319002177905e+24,181.45319002177905,6.6085691353756795e-06,6.590469062402162e-14
1.8640207873669113e+24,186.40207873669112,6.18503276025343e-06,6.180604174881007e-14
1.9148594165354596e+24,191.48594165354595,5.781188620068945e-06,5.788627838389095e-14
1.96708460009932e+24,196.708460009932,5.396578681333129e-06,5.4142230388814513e-14
2.0207341544419217e+24,202.07341544419216,5.03073473379611e-06,5.0570566098705714e-14
2.075846927337002e+24,207.5846927337002,4.683178953749665e-06,4.7167797815348477e-14
2.1324628260784522e+24,213.24628260784522,4.353424524506398e-06,4.3930287991991384e-14
2.1906228463772727e+24,219.06228463772726,4.040976313514453e-06,4.085425610897499e-14
2.250369102046667e+24,225.0369102046667,3.745331605054736e-06,3.793578623177694e-14
2.3117448554967572e+24,231.17448554967572,3.465980886934539e-06,3.517083523731916e-14
2.3747945490609806e+24,237.47945490609806,3.202408689038853e-06,3.255524168839301e-14
2.439563837176991e+24,243.9563837176991,2.954094471036067e-06,3.008473532990161e-14
2.5060996194449347e+24,250.60996194449348,2.720513555969438e-06,2.7754947174397034e-14
2.574450074587838e+24,257.4450074587838,2.5011381058976687e-06,2.5561420138085473e-14
2.6446646953377243e+24,264.46646953377245,2.2954381352043616e-06,2.3499620182347558e-14
2.7167943242735196e+24,271.67943242735197,2.102882556659519e-06,2.1564947909707796e-14
2.7908911906362703e+24,279.08911906362704,1.9229402548199973e-06,1.9752750557417722e-14
2.867008948148463e+24,286.7008948148463,1.7550811808894482e-06,1.805833432629698e-14
2.945202713864818e+24,294.5202713864818,1.598777462738853e-06,1.6476976977382876e-14
3.025529108082658e+24,302.55291080826584,1.453504523420046e-06,1.5003940624323595e-14
3.108046295340928e+24,310.8046295340928,1.3187422011937214e-06,1.363448464539525e-14
3.192814026537006e+24,319.2814026537006,1.1939758638482748e-06,1.2363878635626247e-14
3.2798936821928273e+24,327.9893682192827,1.0786975099067787e-06,1.1187415316791867e-14
3.3693483169003917e+24,336.9348316900392,9.724068492214826e-07,1.010042332116896e-14
3.4612427049798747e+24,346.1242704979875,8.746123554289583e-07,9.098279763835039e-15
3.555643387382846e+24,355.5643387382846,7.848322828014625e-07,8.176422518150268e-15
3.652618719874736e+24,365.2618719874736,7.025956401739086e-07,7.330362109816105e-15
3.752238922531414e+24,375.2238922531414,6.274431148576977e-07,6.555693146645727e-15
3.854576130585683e+24,385.45761305856826,5.589279397712947e-07,5.848105203909384e-15
3.959704446660739e+24,395.9704446660739,4.966166974222211e-07,5.203393088840631e-15
4.0676999944277105e+24,406.76999944277105,4.4009005486504e-07,4.617466412606215e-15
4.178640973727448e+24,417.8640973727448,3.8894342432896983e-07,4.0863584037016555e-15
4.2926077171948585e+24,429.26077171948583,3.4278754485698394e-07,3.6062339033430106e-15
4.4096827484281306e+24,440.96827484281306,3.0124898101292084e-07,3.1733964908560073e-15
4.529950841744241e+24,452.9950841744241,2.639705354928731e-07,2.784294695304594e-15
4.653499083564243e+24,465.3499083564243,2.3061157330812387e-07,2.435527258508886e-15
4.780416935472758e+24,478.0416935472758,2.0084825608101227e-07,2.1238474240897398e-15
4.910796298997292e+24,491.0796298997292,1.7437368589964742e-07,1.8461662371075966e-15
5.04473158215455e+24,504.473158215455,1.5089795909954343e-07,1.599554849095822e-15
5.182319767811075e+24,518.2319767811075,1.301481312665082e-07,1.3812458336739513e-15
5.323660483909346e+24,532.3660483909346,1.1186809567008853e-07,1.1886335282917295e-15
5.468856075608165e+24,546.8856075608164,9.581837822750832e-08,1.0192734278518243e-15
5.618011679391242e+24,561.8011679391242,8.177585294707549e-08,8.708806657921493e-16
5.771235299196743e+24,577.1235299196743,6.953338259528185e-08,7.4132762753466885e-16
5.928637884623197e+24,592.8637884623197,5.889939005769265e-08,6.286407498459994e-16
6.090333411268386e+24,609.0333411268385,4.969736650820685e-08,5.309965674626134e-16
6.256438963259291e+24,625.6438963259291,4.1765323052568424e-08,4.467170751681969e-16
6.427074818033257e+24,642.7074818033257,3.4955192960341537e-08,3.742644792520509e-16
6.602364533430615e+24,660.2364533430615,2.9132191937234796e-08,3.1223541682690903e-16
6.782435037163941e+24,678.2435037163941,2.4174144110808944e-08,2.5935472476376224e-16
6.967416718726148e+24,696.7416718726148,1.9970781504656708e-08,2.1446884196755086e-16
7.157443523806101e+24,715.74435238061,1.642302475785666e-08,1.7653892934365042e-16
7.352653051278965e+24,735.2653051278966,1.344225271067662e-08,1.4463379110825306e-16
7.553186652841893e+24,755.3186652841893,1.0949568228375336e-08,1.1792267911055478e-16
7.759189535367126e+24,775.9189535367126,8.875067280046605e-09,9.566805863268307e-17
7.970810866046589e+24,797.0810866046588,7.157117838294917e-09,7.721840980979904e-17
8.188203880404541e+24,818.8203880404541,5.741654629868418e-09,6.200113348905853e-17
8.411525993255076e+24,841.1525993255076,4.581495160724545e-09,4.951562416483597e-17
8.6409389126875e+24,864.09389126875,3.635681776212078e-09,3.9326565748074194e-17
8.876608757158817e+24,887.6608757158816,2.868853814103394e-09,3.105749852356703e-17
9.118706175780854e+24,911.8706175780853,2.2506531813327083e-09,2.4384697898914923e-17
9.367406471887626e+24,936.7406471887626,1.7551659510356338e-09,1.9031397636622668e-17
9.622889729972916e+24,962.2889729972916,1.3604018506894002e-09,1.476238236424917e-17
9.885340946089894e+24,988.5340946089893,1.0478128099086778e-09,1.1378966447759264e-17
1.0154950161807132e+25,1015.4950161807132,8.018510714407685e-10,8.714368947213117e-18
1.0431912601818579e+25,1043.1912601818578,6.095667531253373e-10,6.629487491148775e-18
1.0716428815305334e+25,1071.6428815305335,4.6024419203397923e-10,5.0090676246682774e-18
1.1008704821154964e+25,1100.8704821154963,3.4507591244601483e-10,3.7582586004171096e-18
1.1308952257139362e+25,1130.8952257139363,2.568726421800296e-10,2.7995417599511445e-18
1.1617388533162596e+25,1161.7388533162596,1.898074600863764e-10,2.070013637170905e-18
1.1934236988687872e+25,1193.4236988687871,1.3919189190886348e-10,1.5190027215855381e-18
1.2259727054458185e+25,1225.9727054458185,1.0128158069754339e-10,1.10599643792834e-18
1.2594094418627683e+25,1259.4094418627683,7.31090379770547e-11,7.988532983669454e-19
1.2937581197423928e+25,1293.7581197423929,5.234092769752717e-11,5.722743126276004e-19
1.3290436110465382e+25,1329.0436110465382,3.7157339980152874e-11,4.0650753191897157e-19
1.3652914660858727e+25,1365.2914660858726,2.6150568146008047e-11,2.8625997433802845e-19
1.4025279320210774e+25,1402.5279320210773,1.824100215028426e-11,1.9979204389469409e-19
1.4407799718683633e+25,1440.7799718683632,1.2607885706343734e-11,1.3817081961360903e-19
1.4800752840235096e+25,1480.0752840235095,8.632844492161657e-12,9.466016216588568e-20
1.5204423223183303e+25,1520.4423223183303,5.8542706626249485e-12,6.4227373103365e-20
1.5619103166241624e+25,1561.9103166241625,3.9308368356068825e-12,4.314806202494933e-20
1.604509294017289e+25,1604.509294017289,2.612603990332875e-12,2.8692854383922676e-20
1.6482701005216036e+25,1648.2701005216036,1.7183764886413935e-12,1.888154178349614e-20
1.6932244234443605e+25,1693.2244234443606,1.1181389244759038e-12,1.2292183332824318e-20
1.739404814320881e+25,1739.4048143208809,7.195800151639152e-13,7.914468345691033e-21
1.7868447124853927e+25,1786.8447124853926,4.57865602444334e-13,5.038316125479407e-21
1.8355784692843813e+25,1835.5784692843813,2.879643350836867e-13,3.170197232108605e-21
1.8856413729505528e+25,1885.6413729505527,1.7895492698989116e-13,1.9710014954667676e-21
1.937069674155118e+25,1937.0696741551178,1.0985293146977436e-13,1.2104483879374756e-21
1.9899006122569885e+25,1989.9006122569886,6.658824741261256e-14,7.340391858282079e-22
2.044172442267893e+25,2044.172442267893,3.984303493000186e-14,4.393968044951384e-22
2.099924462552902e+25,2099.924462552902,2.3524641737271385e-14,2.59541130253735e-22
2.157197043286561e+25,2157.197043286561,1.3700995046786064e-14,1.5122024069100545e-22
2.2160316556848396e+25,2216.0316556848397,7.868249093659977e-15,8.687735475390348e-23
2.2764709020347864e+25,2276.4709020347864,4.4538439526816915e-15,4.919605378247359e-23
2.3385585465427555e+25,2338.5585465427557,2.4840039031857893e-15,2.7447987887032084e-23
2.402339547024263e+25,2402.339547024263,1.3644409762539537e-15,1.508246144869714e-23
2.4678600874580364e+25,2467.8600874580366,7.378404764818498e-16,8.158973350323975e-24
2.535167611427942e+25,2535.167611427942,3.9263641070697306e-16,4.3432575979593026e-24
2.604310856477006e+25,2604.310856477006,2.0551764820586595e-16,2.2741682927046408e-24
2.6753398893983624e+25,2675.339889398362,1.0576525672879664e-16,1.170742871483502e-24
2.7483061424888522e+25,2748.3061424888524,5.348990977239362e-17,5.922867254965217e-25
2.823262450791033e+25,2823.2624507910327,2.6572336215564358e-17,2.9432571356370634e-25
2.900263090351473e+25,2900.263090351473,1.2960003963421597e-17,1.4359479400230196e-25
2.9793638175219247e+25,2979.363817521925,6.202699835534659e-18,6.874581220648046e-26
3.0606219093327466e+25,3060.621909332747,2.911611421605441e-18,3.2279567860595275e-26
3.1440962049673186e+25,3144.0962049673185,1.339780875025636e-18,1.4857777333548672e-26
3.2298471483676405e+25,3229.8471483676403,6.040129896878974e-19,6.700221279372636e-27
3.317936832001938e+25,3317.936832001938,2.6664223064837366e-19,2.9586369845740718e-27
3.4084290418259407e+25,3408.4290418259407,1.1519487108434146e-19,1.2785358742523976e-27
3.5013893034705933e+25,3501.3893034705934,4.867472718082594e-20,5.403778458813742e-28
3.5968849296890117e+25,3596.8849296890116,2.0103780531532807e-20,2.2324577354690834e-28
3.694985069098213e+25,3694.985069098213,8.11122152744169e-21,9.009498157686363e-29
3.795760756249481e+25,3795.760756249481,3.194863088278661e-21,3.549545930307767e-29
3.899284963064806e+25,3899.2849630648057,1.2276972694385335e-21,1.3643176221967446e-29
4.005632651675998e+25,4005.632651675998,4.599506176226728e-22,5.112538027208559e-30
4.114880828704958e+25,4114.880828704958,1.678849864854782e-22,1.86653398470201e-30
4.227108601024354e+25,4227.108601024354,5.966022988592982e-23,6.634455189869958e-31
4.34239723303907e+25,4342.39723303907,2.0625935464819554e-23,2.2941824618978994e-31
4.460830205530137e+25,4460.830205530137,6.932225437585515e-24,7.71220643056499e-32
4.58249327610298e+25,4582.49327610298,2.2632250312731027e-24,2.518390851244092e-32
4.7074745412852095e+25,4707.47454128521,7.171920456950633e-25,7.982117131892603e-33
4.835864500317141e+25,4835.864500317141,2.2041600199423445e-25,2.4536400331937007e-33
4.967756120682694e+25,4967.756120682694,6.564298935191551e-26,7.308682258995577e-34
5.103244905427336e+25,5103.244905427336,1.8927746623775454e-26,2.107805832544309e-34
5.242428962312081e+25,5242.42896231208,5.279495432767986e-27,5.880348485081247e-35
5.38540907485355e+25,5385.40907485355,1.4232331283816873e-27,1.5854906789593695e-35
5.532288775301522e+25,5532.288775301522,3.7046420904663256e-28,4.127708302920885e-36
5.683174419607069e+25,5683.174419607069,9.302260914085823e-29,1.03663170125506e-36
5.838175264434891e+25,5838.175264434891,2.2510076941898982e-29,2.5089057793844856e-37
5.997403546276515e+25,5997.403546276515,5.244138909510079e-30,5.845897289494724e-38
6.160974562720967e+25,6160.974562720968,1.1749807480135806e-30,1.3100130577855705e-38
6.32900675594204e+25,6329.00675594204,2.5292107952304153e-31,2.8203050149096237e-39
6.5016217984625605e+25,6501.62179846256,5.224717115811313e-32,5.8269105491747275e-40
6.678944681257764e+25,6678.944681257764,1.0346104172107185e-32,1.1540252474157453e-40
6.861103804261562e+25,6861.103804261562,1.961673704791221e-33,2.1883991699104913e-41
7.048231069341195e+25,7048.231069341195,3.55711946188724e-34,3.9687887167323577e-42
7.240461975807923e+25,7240.461975807923,6.161178120619189e-35,6.875139859123584e-43
7.437935718532073e+25,7437.935718532073,1.0180759674842522e-35,1.1361998409553519e-43
7.640795288734604e+25,7640.795288734604,1.6028408095444255e-36,1.7890408251250532e-44
7.84918757752735e+25,7849.187577527351,2.4011641908760326e-37,2.680437147401189e-45
8.063263482277235e+25,8063.263482277235,3.418113239417689e-38,3.816126377236039e-46
8.283178015871422e+25,8283.178015871423,4.617213700726881e-39,5.155460498738457e-47
8.509090418962524e+25,8509.090418962523,5.909922482695148e-40,6.599623237727198e-48
8.741164275275157e+25,8741.164275275158,7.157383398399201e-41,7.993559757345438e-49
8.979567630057234e+25,8979.567630057234,8.18921895446879e-42,9.14693847647189e-50
9.22447311176224e+25,9224.47311176224,8.83839763925459e-43,9.87308591059859e-51
9.476058057049478e+25,9476.058057049479,8.983720550007217e-44,1.0036459123626117e-51
9.73450463919427e+25,9734.50463919427,8.585794897893307e-45,9.592869392699104e-53
1e+26,10000.0,7.702237801315397e-46,8.606519108528756e-54
