nH_cm2,nH_1e22,flux_soft_ph,flux_soft_erg
1e+19,0.001,0.0014431652387204078,2.209136337204662e-12
1.0272736385307947e+19,0.0010272736385307946,0.0014430466306015726,2.2090007455494052e-12
1.055291128420298e+19,0.001055291128420298,0.001442924802743964,2.2088614709866533e-12
1.0840727572015876e+19,0.0010840727572015876,0.0014427996681681031,2.208718413906647e-12
1.1136393657225857e+19,0.0011136393657225857,0.0014426711375682077,2.208571472028968e-12
1.1440123632369576e+19,0.0011440123632369577,0.0014425391192512632,2.2084205403322316e-12
1.1752137429066426e+19,0.0011752137429066427,0.0014424035190745772,2.208265510982009e-12
1.2072660977271007e+19,0.0012072660977271007,0.0014422642403817837,2.208106273256906e-12
1.2401926368869927e+19,0.0012401926368869928,0.0014421211839372333,2.207942713472803e-12
1.2740172025740018e+19,0.0012740172025740017,0.001441974247858783,2.2077747149051887e-12
1.3087642872390193e+19,0.0013087642872390193,0.0014418233275488891,2.2076021577095305e-12
1.3444590513311896e+19,0.0013444590513311896,0.001441668315624053,2.20742491883967e-12
1.3811273415166515e+19,0.0013811273415166516,0.0014415091018424703,2.207242871964181e-12
1.4187957093941742e+19,0.001418795709394174,0.0014413455730299576,2.2070558873806414e-12
1.4574914307212214e+19,0.0014574914307212215,0.0014411776130040382,2.2068638319277733e-12
1.4972425251644428e+19,0.0014972425251644427,0.001441005102496207,2.2066665688954394e-12
1.5380777765887121e+19,0.001538077776588712,0.001440827919072264,2.2064639579323722e-12
1.5800267538996412e+19,0.0015800267538996413,0.001440645937050793,2.2062558549516853e-12
1.623119832454485e+19,0.001623119832454485,0.0014404590274195983,2.206042112034028e-12
1.6673882160570126e+19,0.0016673882160570127,0.0014402670577502055,2.205822577328403e-12
1.7128639595522583e+19,0.0017128639595522582,0.001440069892110272,2.2055970949505553e-12
1.7595799920375124e+19,0.0017595799920375123,0.0014398673909739304,2.2053655048788992e-12
1.8075701407063622e+19,0.0018075701407063622,0.0014396594111300226,2.2051276428479345e-12
1.85686915534303e+19,0.0018568691553430298,0.001439445805588149,2.204883340239076e-12
1.907512733484838e+19,0.001907512733484838,0.0014392264234825132,2.2046324239689063e-12
1.9595375462707917e+19,0.0019595375462707915,0.0014390011099735438,2.204374716374704e-12
2.0129812649953018e+19,0.002012981264995302,0.0014387697061471953,2.2041100350973154e-12
2.0678825883860455e+19,0.0020678825883860457,0.0014385320489119576,2.203838192961168e-12
2.1242812706258104e+19,0.0021242812706258104,0.0014382879708934586,2.2035589978515435e-12
2.182218150138596e+19,0.002182218150138596,0.001438037300326698,2.2032722525888995e-12
2.2417351791608156e+19,0.0022417351791608154,0.0014377798609457885,2.2029777548002833e-12
2.3028754541190144e+19,0.0023028754541190143,0.0014375154718712481,2.202675296787785e-12
2.3656832468360765e+19,0.0023656832468360767,0.0014372439474947157,2.2023646653938867e-12
2.4302040365886407e+19,0.0024302040365886406,0.001436965097361144,2.2020456418637584e-12
2.4964845430386373e+19,0.0024964845430386373,0.0014366787260483391,2.2017180017044114e-12
2.5645727600631894e+19,0.0025645727600631892,0.0014363846330438669,2.201381514540597e-12
2.6345179905070756e+19,0.0026345179905070755,0.001436082612619285,2.2010359439675295e-12
2.706370881883041e+19,0.002706370881883041,0.0014357724537016323,2.2006810474001985e-12
2.7801834630457872e+19,0.0027801834630457874,0.001435453939742146,2.2003165759194206e-12
2.8560091818661913e+19,0.0028560091818661914,0.0014351268485822083,2.1999422741144067e-12
2.9339029439330402e+19,0.00293390294393304,0.0014347909523164395,2.1995578799218995e-12
3.0139211523102798e+19,0.00301392115231028,0.0014344460171529382,2.199163124461781e-12
3.0961217483787067e+19,0.003096121748378707,0.0014340918032705956,2.1987577318691204e-12
3.1805642537913197e+19,0.00318056425379132,0.0014337280646735144,2.198341419122603e-12
3.2673098135731913e+19,0.0032673098135731914,0.001433354549042454,2.1979138958693214e-12
3.3564212403967046e+19,0.0033564212403967048,0.001432970997583284,2.1974748642458292e-12
3.447963060064366e+19,0.0034479630600643663,0.0014325771448724268,2.1970240186954674e-12
3.5420015582320943e+19,0.003542001558232094,0.00143217271869929,2.1965610457818824e-12
3.6386048284068282e+19,0.003638604828406828,0.001431757439905614,2.196085623998732e-12
3.7378428212532e+19,0.0037378428212532003,0.0014313310222217577,2.1955974235754906e-12
3.8397873952449544e+19,0.0038397873952449543,0.0014308931720999163,2.1950961062793813e-12
3.9445123686979674e+19,0.003944512368697968,0.001430443588544201,2.1945813252133343e-12
4.052093573222085e+19,0.004052093573222085,0.0014299819629376518,2.194052724609997e-12
4.1626089086311e+19,0.0041626089086311,0.001429507978866112,2.193509939621726e-12
4.2761383993501704e+19,0.004276138399350171,0.0014290213119389928,2.1929525961065725e-12
4.3927642523616985e+19,0.004392764252361699,0.0014285216296069433,2.19238031041021e-12
4.512570916731608e+19,0.004512570916731609,0.0014280085909763964,2.191792689143818e-12
4.635645144759123e+19,0.004635645144759123,0.0014274818466210267,2.191189328957861e-12
4.762076054794317e+19,0.004762076054794317,0.0014269410383901638,2.1905698163118126e-12
4.89195519576889e+19,0.004891955195768891,0.0014263857992141155,2.1899337272398087e-12
5.0253766134871335e+19,0.005025376613487133,0.0014258157529065034,2.1892806271121682e-12
5.162436918724491e+19,0.005162436918724491,0.001425230513963586,2.1886100703928907e-12
5.303235357183812e+19,0.005303235357183813,0.0014246296873606753,2.187921600393072e-12
5.447873881359374e+19,0.005447873881359374,0.0014240128683456212,2.1872147490202795e-12
5.596457224360927e+19,0.005596457224360927,0.0014233796422295,2.1864890365239262e-12
5.7490929757512016e+19,0.005749092975751202,0.001422729584174494,2.1857439712366786e-12
5.905891659451771e+19,0.005905891659451771,0.0014220622589791107,2.184979049311914e-12
6.066966813773694e+19,0.006066966813773693,0.0014213772208607656,2.184193754457315e-12
6.232435073630834e+19,0.006232435073630834,0.0014206740132358577,2.183387557664635e-12
6.402416254995689e+19,0.006402416254995689,0.001419952168497442,2.182559916935746e-12
6.5770334416581255e+19,0.006577033441658125,0.0014192112077905748,2.1817102770049915e-12
6.7564130743508574e+19,0.006756413074350857,0.0014184506407855112,2.1808380690579876e-12
6.9406850423054385e+19,0.006940685042305439,0.0014176699654488557,2.179942710446962e-12
7.129982777305371e+19,0.00712998277730537,0.0014168686678128369,2.1790236044027304e-12
7.3244433503043895e+19,0.00732444335030439,0.0014160462217428795,2.178080139743466e-12
7.524207570679874e+19,0.007524207570679874,0.0014152020887036047,2.177111690580403e-12
7.729420088193266e+19,0.007729420088193267,0.001414335717523536,2.1761176160206076e-12
7.940229497731247e+19,0.007940229497731247,0.0014134465441586596,2.175097259867021e-12
8.156788446903924e+19,0.008156788446903923,0.0014125339914550826,2.174049950315973e-12
8.379253746576944e+19,0.008379253746576944,0.0014115974689110622,2.1729749996523182e-12
8.607786484418891e+19,0.008607786484418891,0.001410636372438632,2.171871703942488e-12
8.842552141545192e+19,0.008842552141545192,0.0014096500841251586,2.170739342725683e-12
9.0837207123434e+19,0.0090837207123434,0.0014086379719950935,2.1695771787034557e-12
9.331466827566547e+19,0.009331466827566547,0.00140759938977227,2.1683844574279953e-12
9.585969880783698e+19,0.0095859698807837,0.0014065336766431213,2.1671604069894036e-12
9.847414158279279e+19,0.009847414158279279,0.001405440157021138,2.16590423770232e-12
1.0115988972495135e+20,0.010115988972495134,0.0014043181403130365,2.164615141792261e-12
1.0391888799112474e+20,0.010391888799112474,0.001403166920686993,2.1632922930820186e-12
1.0675313417871681e+20,0.01067531341787168,0.0014019857768435165,2.16193484667859e-12
1.0966468057233655e+20,0.010966468057233655,0.001400773971789284,2.1605419386610287e-12
1.1265563542986154e+20,0.011265563542986154,0.0013995307526146077,2.1591126857697284e-12
1.1572816450903256e+20,0.011572816450903257,0.001398255350275004,2.1576461850976413e-12
1.1888449263568427e+20,0.011888449263568428,0.001396946979377462,2.1561415137839263e-12
1.2212690531474684e+20,0.012212690531474684,0.0013956048379720194,2.154597728710684e-12
1.2545775038518585e+20,0.012545775038518584,0.0013942281073493245,2.1530138662032825e-12
1.2887943972007702e+20,0.012887943972007702,0.0013928159518448557,2.1513889417350347e-12
1.3239445097305375e+20,0.013239445097305375,0.0013913675186505348,2.1497219496367887e-12
1.3600532937237584e+20,0.013600532937237585,0.0013898819376344743,2.148011862812303e-12
1.397146895639397e+20,0.01397146895639397,0.0013883583211697398,2.1462576324600257e-12
1.435252175045488e+20,0.01435252175045488,0.001386795763972904,2.144458187802205e-12
1.4743967240682155e+20,0.014743967240682155,0.0013851933429533398,2.1426124358221527e-12
1.5146088873714398e+20,0.015146088873714398,0.0013835501170741916,2.1407192610105363e-12
1.5559177826811376e+20,0.015559177826811377,0.0013818651272260092,2.1387775251217212e-12
1.5983533218696187e+20,0.015983533218696187,0.0013801373961140968,2.136786066941096e-12
1.641946232614772e+20,0.01641946232614772,0.0013783659281606645,2.1347437020645406e-12
1.6867280806501076e+20,0.016867280806501076,0.0013765497094229522,2.1326492226910135e-12
1.7327312926215e+20,0.017327312926214998,0.001374687707528499,2.130501397429586e-12
1.7799891795674553e+20,0.017799891795674552,0.0013727788716288228,2.1282989711220286e-12
1.828535961039704e+20,0.01828535961039704,0.0013708221323728606,2.1260406646822948e-12
1.87840678988166e+20,0.0187840678988166,0.0013688164019014849,2.12372517495426e-12
1.929637777682683e+20,0.01929637777682683,0.001366760573864561,2.121351174589102e-12
1.9822660209265666e+20,0.019822660209265666,0.0013646535234620501,2.118917311943795e-12
2.0363296278531945e+20,0.020363296278531947,0.0013624941075106765,2.1164222110023e-12
2.0918677460527933e+20,0.020918677460527932,0.0013602811645378142,2.1138644713210268e-12
2.1489205908128655e+20,0.021489205908128656,0.0013580135149042292,2.1112426680002487e-12
2.2075294742380773e+20,0.022075294742380774,0.0013556899609574785,2.108555351683238e-12
2.2677368351645218e+20,0.022677368351645216,0.0013533092872177136,2.1058010485849246e-12
2.3295862698897673e+20,0.023295862698897673,0.0013508702605978062,2.102978260551952e-12
2.3931225637410433e+20,0.023931225637410434,0.0013483716306597073,2.1000854651561355e-12
2.4583917235044054e+20,0.024583917235044054,0.0013458121299090697,2.0971211158233145e-12
2.5254410107383618e+20,0.025254410107383617,0.0013431904741301635,2.0940836419997304e-12
2.594318975996085e+20,0.02594318975996085,0.001340505362763234,2.0909714493580694e-12
2.6650754939809618e+20,0.026650754939809618,0.0013377554793265088,2.087782920045493e-12
2.7377617996610778e+20,0.027377617996610776,0.0013349394918850763,2.0845164129759056e-12
2.812430525368452e+20,0.02812430525368452,0.001332056053568961,2.0811702641688828e-12
2.889135738910324e+20,0.028891357389103242,0.0013291038031427549,2.077742787137724e-12
2.967932982719765e+20,0.029679329827197648,0.0013260813656292782,2.0742322733291665e-12
3.0488793140740876e+20,0.030488793140740877,0.0013229873529896085,2.0706369926173e-12
3.132033346410161e+20,0.03132033346410161,0.001319820364862189,2.0669551938544564e-12
3.2174552917665474e+20,0.032174552917665473,0.0013165789893634019,2.0631851054816187e-12
3.305207004383154e+20,0.03305207004383154,0.0013132618039522995,2.0593249362013177e-12
3.3953520254901505e+20,0.033953520254901504,0.001309867376362125,2.055372875715653e-12
3.487955629318171e+20,0.03487955629318171,0.001306394265601221,2.0513270955324608e-12
3.583084870363645e+20,0.03583084870363645,0.0013028410230260666,2.047185749842443e-12
3.680808631943103e+20,0.036808086319431034,0.0012992061934891032,2.042946976470221e-12
3.781197676071748e+20,0.03781197676071748,0.001295488316564,2.0386088979023145e-12
3.8843246947024096e+20,0.038843246947024096,0.0012916859278511179,2.0341696223950214e-12
3.990264362361963e+20,0.03990264362361963,0.001287797560365756,2.029627245165175e-12
4.099093390223335e+20,0.04099093390223335,0.0012838217460118674,2.0249798496667864e-12
4.210890581652222e+20,0.04210890581652222,0.0012797570171437947,2.020225508956628e-12
4.3257368892689324e+20,0.04325736889268932,0.0012756019082185628,2.0153622871515794e-12
4.443715473566178e+20,0.044437154735661774,0.001271354957541228,2.0103882409808314e-12
4.564911763125921e+20,0.04564911763125921,0.0012670147091055838,2.005301421435684e-12
4.68941351647839e+20,0.0468941351647839,0.0012625797145325594,2.0000998755198675e-12
4.817310885648245e+20,0.048173108856482454,0.0012580485351083943,1.9947816481030005e-12
4.948696481433878e+20,0.04948696481433878,0.0012534197439246113,1.9893447838799374e-12
5.083665440467121e+20,0.05083665440467121,0.0012486919281216367,1.9837873294384085e-12
5.222315494101915e+20,0.052223154941019145,0.001243863691237649,1.9781073354373823e-12
5.3647470391817745e+20,0.05364747039181775,0.0012389336556641506,1.9723028588983486e-12
5.5110632107375696e+20,0.0551106321073757,0.0012339004652093814,1.9663719656115e-12
5.661369956667587e+20,0.056613699566675876,0.0012287627877705675,1.960312732658669e-12
5.81577611445484e+20,0.058157761144548396,0.0012235193181155527,1.9541232510546076e-12
5.974393489976512e+20,0.059743934899765115,0.0012181687807741527,1.947801628507782e-12
6.137336938462864e+20,0.06137336938462864,0.0012127099330391821,1.941345992301875e-12
6.304724447664194e+20,0.06304724447664194,0.0012071415680766648,1.9347544922985525e-12
6.476677223286052e+20,0.06476677223286052,0.001201462518144383,1.9280253040618336e-12
6.653319776754586e+20,0.06653319776754586,0.0011956716579174284,1.921156632104054e-12
6.834780015375524e+20,0.06834780015375523,0.0011897679079188853,1.914146713252846e-12
7.021189334952374e+20,0.07021189334952374,0.0011837502380533497,1.906993820138233e-12
7.212682714930137e+20,0.07212682714930137,0.0011776176712402682,1.8996962647983907e-12
7.409398816134453e+20,0.07409398816134453,0.0011713692871436147,1.8922524024020112e-12
7.611480081176202e+20,0.07611480081176202,0.0011650042259936423,1.8846606350847697e-12
7.819072837594546e+20,0.07819072837594546,0.0011585216924958658,1.8769194158966743e-12
8.032327403813055e+20,0.08032327403813054,0.0011519209598216235,1.8690272528564604e-12
8.251398197985648e+20,0.08251398197985649,0.0011452013736738462,1.8609827131084826e-12
8.47644384981116e+20,0.0847644384981116,0.001138362356420793,1.8527844271768593e-12
8.707627315397417e+20,0.08707627315397416,0.001131403411289763,1.8444310933108104e-12
8.945115995258441e+20,0.0894511599525844,0.0011243241266117759,1.835921481914298e-12
9.189081855529149e+20,0.09189081855529149,0.0011171241801074512,1.82725444005235e-12
9.439701552486735e+20,0.09439701552486734,0.0011098033432032266,1.8184288960253864e-12
9.69715656046784e+20,0.0969715656046784,0.001102361485366145,1.8094438640020891e-12
9.961633303274565e+20,0.09961633303274565,0.0010947985784444518,1.8002984487003507e-12
1.0233323289164402e+21,0.10233323289164402,0.0010871147010001719,1.7909918501048903e-12
1.0512423249521835e+21,0.10512423249521835,0.0010793100426187917,1.7815233682090511e-12
1.0799135281311928e+21,0.10799135281311928,0.0010713849081801826,1.7718924077674229e-12
1.1093666993419582e+21,0.11093666993419582,0.0010633397220737423,1.7620984830446888e-12
1.1396231656979116e+21,0.11396231656979115,0.001055175032339751,1.7521412225453088e-12
1.1707048359804764e+21,0.11707048359804764,0.0010468915147178557,1.7420203737073515e-12
1.2026342165032613e+21,0.12026342165032612,0.0010384899765825488,1.7317358075429304e-12
1.2354344274089366e+21,0.12354344274089366,0.001029971360744533,1.7212875232065929e-12
1.2691292194105873e+21,0.12691292194105872,0.0010213367490958779,1.7106756524720507e-12
1.3037429909896613e+21,0.13037429909896614,0.0010125873660759444,1.6999004640965625e-12
1.3393008060629705e+21,0.13393008060629705,0.0010037245819342182,1.6889623680515165e-12
1.3758284121315226e+21,0.13758284121315226,0.0009947499157653549,1.6778619195967134e-12
1.413352258924395e+21,0.14133522589243952,0.0009856650382911167,1.6665998231751211e-12
1.4518995175509813e+21,0.14518995175509813,0.0009764717743631916,1.655176936104166e-12
1.491498100175702e+21,0.14914981001757022,0.000967172105160454,1.643594272038833e-12
1.5321766802292613e+21,0.15321766802292613,0.000957768170053859,1.6318530041814732e-12
1.573964713171147e+21,0.1573964713171147,0.0009482622681119297,1.619954468212692e-12
1.6168924578184028e+21,0.1616892457818403,0.0009386568592197923,1.6079001649173739e-12
1.6609909982561103e+21,0.16609909982561102,0.0009289545647847912,1.5956917624798698e-12
1.7062922663454515e+21,0.17062922663454516,0.00091915816800211,1.5833310984222543e-12
1.7528290648456335e+21,0.17528290648456335,0.0009092706136542963,1.570820181159847e-12
1.8006350911665042e+21,0.18006350911665042,0.0008992950074193975,1.5581611911485592e-12
1.849744961768844e+21,0.18497449617688438,0.0008892346146634599,1.5453564815992396e-12
1.900194237230286e+21,0.1900194237230286,0.0008790928586943173,1.5324085787349724e-12
1.952019447994804e+21,0.19520194479948041,0.000868873318455227,1.5193201815683986e-12
2.0052581208244958e+21,0.20052581208244957,0.0008585797256387257,1.5060941611774225e-12
2.059948805972804e+21,0.2059948805972804,0.000848215961203153,1.4927335594592472e-12
2.1161311050988483e+21,0.21161311050988482,0.0008377860512767722,1.479241587344473e-12
2.1738456999430854e+21,0.21738456999430852,0.0008272941624371054,1.4656216224552054e-12
2.2331343817850374e+21,0.22331343817850374,0.0008167445963561782,1.4518772061934378e-12
2.2940400817045323e+21,0.22940400817045323,0.0008061417838056689,1.4380120402486648e-12
2.3566069016680965e+21,0.23566069016680966,0.0007954902780197318,1.4240299825167679e-12
2.420880146463368e+21,0.2420880146463368,0.0007847947474170236,1.4099350424252324e-12
2.4869063565043874e+21,0.24869063565043875,0.0007740599676879186,1.395731375663523e-12
2.5547333415316237e+21,0.25547333415316237,0.000763290813257239,1.3814232783210446e-12
2.6244102152311265e+21,0.26244102152311266,0.0007524922481376642,1.3670151804391956e-12
2.6959874307978654e+21,0.26959874307978654,0.0007416693161939192,1.3525116389882803e-12
2.7695168174690124e+21,0.27695168174690127,0.0007308271308430003,1.3379173302844416e-12
2.845051618053596e+21,0.28450516180535956,0.0007199708642209754,1.3232370418663638e-12
2.9226465274858423e+21,0.2922646527485842,0.000709105735852294,1.3084756638562866e-12
3.002357732429774e+21,0.3002357732429774,0.0006982370008630325,1.2936381798346044e-12
3.0842429519642e+21,0.30842429519642,0.0006873699377848149,1.278729657262237e-12
3.168361479377223e+21,0.3168361479377223,0.0006765098360016469,1.2637552374897474e-12
3.254774225100651e+21,0.3254774225100651,0.000665661982897054,1.2487201253970251e-12
3.343543760815394e+21,0.3343543760815394,0.0006548316507639445,1.2336295787119512e-12
3.434734364759767e+21,0.34347343647597667,0.0006440240835444192,1.2184888970609537e-12
3.528412068273523e+21,0.3528412068273523,0.0006332444834710587,1.203303410808573e-12
3.62464470361128e+21,0.362464470361128,0.0006224979976852459,1.188078469747027e-12
3.7235019530601334e+21,0.3723501953060133,0.0006117897049114809,1.1728194317002778e-12
3.8250553993966036e+21,0.38250553993966036,0.0006011246022695463,1.157531651110174e-12
3.929378577720011e+21,0.39293785777200113,0.0005905075923084684,1.1422204676746485e-12
4.036547028699395e+21,0.4036547028699395,0.0005799434703477616,1.1268911951099537e-12
4.146638353272696e+21,0.4146638353272696,0.000569436912211979,1.111549110110158e-12
4.259732268837785e+21,0.4259732268837785,0.0005589924624444116,1.096199441577576e-12
4.375910666976029e+21,0.4375910666976029,0.0005486145230845286,1.0808473601976927e-12
4.495257672750182e+21,0.4495257672750182,0.0005383073430916567,1.0654979684309754e-12
4.617859705619514e+21,0.4617859705619514,0.0005280750084942198,1.0501562909921725e-12
4.743805542016503e+21,0.4743805542016503,0.0005179214333396834,1.034827265884862e-12
4.873186379629842e+21,0.4873186379629842,0.0005078503515152029,1.0195157360554755e-12
5.006095903441059e+21,0.5006095903441059,0.0004978653095026951,1.0042264417263921e-12
5.142630353562002e+21,0.5142630353562002,0.0004879696601249697,9.889640134624787e-13
5.282888594922545e+21,0.5282888594922546,0.00047816655733143147,9.737329660191872e-13
5.42697218885892e+21,0.5426972188858921,0.0004684589520629088,9.585376930134322e-13
5.574985466654535e+21,0.5574985466654535,0.00045884958922549175,9.433824624508251e-13
5.727035605086504e+21,0.5727035605086503,0.0004493410057928938,9.282714131346037e-13
5.883232704032576e+21,0.5883232704032576,0.0004399355300459784,9.132085519728327e-13
6.043689866194911e+21,0.6043689866194911,0.0004306352819468121,8.981977521912836e-13
6.208523278997738e+21,0.6208523278997738,0.0004214421746331796,8.832427524500627e-13
6.377852298719147e+21,0.6377852298719148,0.0004123579170078614,8.683471568523234e-13
6.551799536917212e+21,0.6551799536917211,0.000403384017385667,8.535144358240601e-13
6.730490949213319e+21,0.6730490949213319,0.00039452178815006095,8.38747927834472e-13
6.914055926496949e+21,0.6914055926496948,0.00038577235136066213,8.240508419174217e-13
7.102627388617926e+21,0.7102627388617926,0.00037713664524298337,8.09426260945929e-13
7.296341880634013e+21,0.7296341880634013,0.0003686154314827831,7.94877145603759e-13
7.495339671683463e+21,0.7495339671683463,0.00036020930323940896,7.804063389910258e-13
7.699764856554484e+21,0.7699764856554484,0.0003519186937857478,7.660165717945233e-13
7.909765460024267e+21,0.7909765460024266,0.00034374388567701196,7.5171046794843e-13
8.125493544044334e+21,0.8125493544044334,0.00033568502034652677,7.374905507068555e-13
8.347105317848905e+21,0.8347105317848905,0.00032774210802433975,7.233592490470736e-13
8.57476125106639e+21,0.8574761251066391,0.0003199150378735733,7.093189043206575e-13
8.808626189915841e+21,0.8808626189915841,0.0003122035882402152,6.953717770695473e-13
9.048869476572497e+21,0.9048869476572496,0.0003046074369144088,6.815200539251392e-13
9.295665071788877e+21,0.9295665071788877,0.00029712617130520775,6.677658545107958e-13
9.549191680860103e+21,0.9549191680860103,0.00028975929843612466,6.541112382717388e-13
9.809632883025153e+21,0.9809632883025153,0.0002825062546754827,6.405582111608146e-13
1.007717726439658e+22,1.007717726439658,0.0002753664151235168,6.271087321143755e-13
1.0352018554516473e+22,1.0352018554516473,0.00026833910258696196,6.137647192587622e-13
1.0634355766636436e+22,1.0634355766636436,0.0002614235960816298,6.005280557951605e-13
1.092439334182355e+22,1.092439334182355,0.00025461913881367034,5.874005955181051e-13
1.1222341296996668e+22,1.1222341296996667,0.0002479249456007933,5.743841679308594e-13
1.1528415377000164e+22,1.1528415377000163,0.0002413402097054105,5.61480582928882e-13
1.1842837210825323e+22,1.1842837210825323,0.00023486410906215294,5.486916350305426e-13
1.2165834472092317e+22,1.2165834472092316,0.00022849581189235944,5.360191071418844e-13
1.2497641043909646e+22,1.2497641043909646,0.00022223448170764914,5.234647738494114e-13
1.2838497188228861e+22,1.2838497188228861,0.00021607928171345927,5.110304042415207e-13
1.318864971981924e+22,1.3188649719819239,0.0002100293786311447,4.987177642649373e-13
1.3548352184986857e+22,1.3548352184986856,0.00020408394596397466,4.865286186275952e-13
1.391786504516809e+22,1.391786504516809,0.00019824216673781404,4.744647322634113e-13
1.4297455865530388e+22,1.4297455865530388,0.00019250323575152503,4.625278713774903e-13
1.4687399508716854e+22,1.4687399508716854,0.00018686636137508654,4.507198040924008e-13
1.508797833387497e+22,1.508797833387497,0.0001813307669351596,4.390423007172993e-13
1.5499482401113412e+22,1.5499482401113414,0.00017589569172834132,4.2749713366190004e-13
1.5922209681535792e+22,1.5922209681535793,0.00017056039170178211,4.160860770166668e-13
1.635646627300152e+22,1.635646627300152,0.0001653241398393135,4.0481090581936034e-13
1.68025666217725e+22,1.68025666217725,0.0001601862262888034,3.936733950260296e-13
1.7260833750204318e+22,1.7260833750204319,0.00015514595826345104,3.8267531820230224e-13
1.7731599490647532e+22,1.7731599490647532,0.0001502026597461531,3.718184459481005e-13
1.8215204725728278e+22,1.8215204725728278,0.00014535567102220908,3.6110454406612874e-13
1.8711999635182215e+22,1.8711999635182215,0.0001406043480616213,3.505353714817047e-13
1.922234394942054e+22,1.922234394942054,0.00013594806176825007,3.401126779188729e-13
1.974660721001148e+22,1.9746607210011478,0.00013138619710927334,3.2983820133541995e-13
2.0285169037266918e+22,2.028516903726692,0.0001269181521348839,3.1971366511748234e-13
2.0838419405125404e+22,2.0838419405125403,0.00012254333689510724,3.0974077503307217e-13
2.1406758923533896e+22,2.1406758923533897,0.00011826117225799582,2.99921215942938e-13
2.199059912853022e+22,2.199059912853022,0.00011407108863150688,2.902566482670551e-13
2.2590362780237363e+22,2.259036278023736,0.00010997252458993675,2.807487042054516e-13
2.3206484168985075e+22,2.3206484168985075,0.00010596492540500735,2.7139898371317534e-13
2.3839409429780588e+22,2.3839409429780587,0.00010204774148150534,2.6220905023093304e-13
2.448959686535604e+22,2.448959686535604,9.822042669773627e-05,2.5318042617521916e-13
2.515751727802644e+22,2.5157517278026438,9.448243665192333e-05,2.443145881945516e-13
2.5843654310599556e+22,2.5843654310599558,9.08332268169628e-05,2.3561296220162356e-13
2.654850479658166e+22,2.6548504796581662,8.727225060761046e-05,2.2707691819477227e-13
2.72725791199367e+22,2.72725791199367,8.379895736602573e-05,2.1870776488581856e-13
2.8016401584656354e+22,2.8016401584656356,8.041279027369272e-05,2.1050674415527575e-13
2.8780510794409853e+22,2.8780510794409855,7.711318419982776e-05,2.0247502535969815e-13
2.9565460042548223e+22,2.956546004254822,7.389956349847931e-05,1.9461369951967136e-13
3.037181771274534e+22,3.037181771274534,7.07713397684998e-05,1.869237734204153e-13
3.1200167690565944e+22,3.1200167690565945,6.772790959234766e-05,1.7940616366010828e-13
3.2051109786258357e+22,3.205110978625836,6.476865227120256e-05,1.720616906837754e-13
3.2925260169079584e+22,3.2925260169079587,6.189292757507631e-05,1.6489107284278842e-13
3.3823251813463434e+22,3.3823251813463435,5.910007352747134e-05,1.578949205217729e-13
3.4745734957359885e+22,3.4745734957359886,5.638940424457764e-05,1.5107373037572993e-13
3.5693377573073717e+22,3.569337757307372,5.376020784909942e-05,1.4442787972076485e-13
3.6666865850944902e+22,3.66668658509449,5.121174447846477e-05,1.3795762112165959e-13
3.7666904696220717e+22,3.7666904696220715,4.8743244406475334e-05,1.316630772188508e-13
3.869421823947933e+22,3.8694218239479334,4.6353906296401494e-05,1.2554423583612386e-13
3.974955036097458e+22,3.974955036097458,4.404289560216332e-05,1.1960094540858927e-13
4.083366522928108e+22,4.083366522928109,4.180934313261062e-05,1.1383291076831743e-13
4.194734785463198e+22,4.194734785463198,3.96523437920704e-05,1.0823968932243555e-13
4.309140465734472e+22,4.309140465734472,3.757095550835601e-05,1.0282068765568241e-13
4.4266664051753345e+22,4.426666405175334,3.5564198357327695e-05,9.757515858629579e-14
4.5473977046064985e+22,4.547397704606499,3.363105389101e-05,9.250219870098897e-14
4.671421785857702e+22,4.671421785857702,3.177046467417508e-05,8.760074639150356e-14
4.798828455070065e+22,4.798828455070065,2.9981334032305718e-05,8.286958041203225e-14
4.929709967724938e+22,4.929709967724937,2.8262526011976247e-05,7.830731897368067e-14
5.064161095446323e+22,5.064161095446323,2.6612865552975578e-05,7.391241938914838e-14
5.202279194625197e+22,5.202279194625197,2.5031138869975555e-05,6.968317827799599e-14
5.344164276915678e+22,5.344164276915678,2.3516094040226926e-05,6.561773234023011e-14
5.4899190816534625e+22,5.489919081653462,2.206644179267383e-05,6.171405970354394e-14
5.639649150249792e+22,5.6396491502497925,2.0680856492969875e-05,5.796998184727959e-14
5.793462902614208e+22,5.793462902614208,1.935797731820528e-05,5.438316610417231e-14
5.951471715661677e+22,5.951471715661677,1.8096409614635773e-05,5.095112873900656e-14
6.113790003960882e+22,6.113790003960882,1.6894726431353945e-05,4.767123860152854e-14
6.2805353025820976e+22,6.280535302582098,1.5751470222617133e-05,4.4540721349223745e-14
6.4518283522046165e+22,6.4518283522046165,1.4665154711413442e-05,4.1556664233849033e-14
6.627793186545324e+22,6.627793186545325,1.363426690677352e-05,3.8716021443847074e-14
6.808557222172026e+22,6.808557222172026,1.2657269267286563e-05,3.601561999291448e-14
6.994251350765777e+22,6.9942513507657775,1.1732602003228853e-05,3.345216614301996e-14
7.1850100339000855e+22,7.1850100339000855,1.0858685509609684e-05,3.1022252347964105e-14
7.3809714004048094e+22,7.3809714004048095,1.0033922922293152e-05,2.872236470120788e-14
7.582277346385584e+22,7.582277346385584,9.256702789104475e-06,2.654889086903538e-14
7.789073637971137e+22,7.789073637971137,8.525401847485472e-06,2.449812848721525e-14
8.001510016862905e+22,8.001510016862905,7.83838789980247e-06,2.256629399614258e-14
8.219740308763358e+22,8.219740308763358,7.1940227768286105e-06,2.0749531885997387e-14
8.443922534761503e+22,8.443922534761503,6.590665379220264e-06,1.9043924319759534e-14
8.67421902575662e+22,8.67421902575662,6.026674785989319e-06,1.7445501098005873e-14
8.91079654000205e+22,8.91079654000205,5.500413418057042e-06,1.5950249925341803e-14
9.15382638385552e+22,9.15382638385552,5.010250243963237e-06,1.4554126934105335e-14
9.403484535822448e+22,9.403484535822448,4.5545640137423306e-06,1.325306741676147e-14
9.659951773982387e+22,9.659951773982387,4.131746505870479e-06,1.2042996714195557e-14
9.923413806890892e+22,9.923413806890892,3.7402057710817006e-06,1.0919841203053732e-14
1.0194061408051531e+23,10.194061408051532,3.3783693557762435e-06,9.879539321449853e-15
1.0472090554055453e+23,10.472090554055454,3.044687486740195e-06,8.918052568873341e-15
1.0757702566488425e+23,10.757702566488424,2.737636198002564e-06,8.031376413104477e-15
1.1051104257708632e+23,11.051104257708632,2.4557203799143297e-06,7.215551034481474e-15
1.1352508080599504e+23,11.352508080599504,2.1974767299872503e-06,6.4666718360891e-15
1.16621322824077e+23,11.6621322824077,1.961476584708901e-06,5.7808996474313314e-15
1.19802010627764e+23,11.9802010627764,1.746328611501367e-06,5.154470549039946e-15
1.2306944736088806e+23,12.306944736088806,1.5506813402327686e-06,4.58370524630323e-15
1.264259989823936e+23,12.642599898239359,1.3732255142554656e-06,4.06501792266032e-15
1.2987409597953402e+23,12.987409597953402,1.212696241846308e-06,3.594924505231067e-15
1.3341623512779357e+23,13.341623512779357,1.0678749301720683e-06,3.170050279960594e-15
1.3705498129880741e+23,13.705498129880741,9.375909854974092e-07,2.7871367984469557e-15
1.4079296931759592e+23,14.079296931759592,8.207232652831182e-07,2.443048024756135e-15
1.446329058704413e+23,14.46329058704413,7.162012700711301e-07,2.1347756776549926e-15
1.4857757146481017e+23,14.857757146481017,6.230060655876697e-07,1.8594437317131474e-15
1.526298224427247e+23,15.262982244272472,5.401709282836342e-07,1.6143120495393303e-15
1.5679259304904697e+23,15.679259304904697,4.667817105204343e-07,1.396779126873459e-15
1.610688975561727e+23,16.106889755617267,4.019769247495835e-07,1.2043839422019764e-15
1.6546183244667332e+23,16.546183244667333,3.449475492639527e-07,1.0348069128178345e-15
1.6997457865546683e+23,16.997457865546682,2.949365613540693e-07,8.858699696164678e-16
1.7461040387313874e+23,17.461040387313876,2.512382069171651e-07,7.555357732032554e-16
1.793726649120908e+23,17.93726649120908,2.131970186721504e-07,6.419061038804213e-16
1.8426481013720853e+23,18.426481013720853,1.802065980643931e-07,5.432194675800341e-16
1.892903819628363e+23,18.929038196283628,1.5170817863561223e-07,4.578479686151664e-16
1.9445301941784673e+23,19.445301941784674,1.2718899102975596e-07,3.8429350805569304e-16
1.997564607806707e+23,19.97564607806707,1.0618045185210453e-07,3.211833734294054e-16
2.0520454628619358e+23,20.52045462861936,8.825620025387916e-08,2.6726529116598164e-16
2.1080122090647896e+23,21.080122090647897,7.303000734416523e-08,2.2140201762677073e-16
2.1655053720733246e+23,21.655053720733246,6.015358431211277e-08,1.8256554761673326e-16
2.2245665828277284e+23,22.245665828277286,4.931431546352194e-08,1.4983102090924229e-16
2.2852386076954572e+23,22.852386076954573,4.023294223719954e-08,1.223704075186843e-16
2.3475653794383598e+23,23.475653794383597,3.2661223679922504e-08,9.9446051255423e-17
2.4115920290245695e+23,24.115920290245693,2.6379597847540336e-08,8.040414855272246e-17
2.4773649183079313e+23,24.773649183079314,2.1194867198086923e-08,6.466823576144622e-17
2.5449316735987337e+23,25.44931673598734,1.6937929293894773e-08,5.1732753189784575e-17
2.614341220150036e+23,26.14341220150036,1.3461572085586513e-08,4.115674827472498e-17
2.685643817584543e+23,26.85643817584543,1.063835076947743e-08,3.2557773582720066e-17
2.75889109628783e+23,27.5889109628783,8.358560754051157e-09,2.5606028038633017e-17
2.834136094793789e+23,28.34136094793789,6.528318705940732e-09,2.0018782073820152e-17
2.911433298190273e+23,29.11433298190273,5.067761036643547e-09,1.555511946805288e-17
2.990838677571634e+23,29.90838677571634,3.909366601912634e-09,1.2011020735086728e-17
3.0724097305676427e+23,30.724097305676427,2.9964078760910443e-09,9.214805156038162e-18
3.156205522977641e+23,31.56205522977641,2.2815324881487162e-09,7.022941171985502e-18
3.2422867315402314e+23,32.422867315402314,1.725474811845189e-09,5.3162279589694805e-18
3.330715687869451e+23,33.307156878694514,1.2958953281274098e-09,3.996344752239016e-18
3.421556423589222e+23,34.215564235892224,9.663437530618032e-10,2.982758961312611e-18
3.514874716698942e+23,35.14874716698942,7.153404690984409e-10,2.209979392821493e-18
3.610738139203189e+23,36.10738139203189,5.255696213182286e-10,1.6251370136911734e-18
3.709216106041171e+23,37.09216106041171,3.83176344153141e-10,1.1858726532173424e-18
3.8103799253499396e+23,38.103799253499396,2.7715995987535916e-10,8.585088420025853e-19
3.914302850098931e+23,39.14302850098931,1.988546222094842e-10,6.16481577073457e-19
4.021060131132589e+23,40.21060131132589,1.4148874469873292e-10,4.390071239296466e-19
4.130729071659689e+23,41.30729071659689,9.981462694796184e-11,3.0995893958600174e-19
4.24338908322878e+23,42.4338908322878,6.979994220070283e-11,2.1693033618675827e-19
4.359121743230247e+23,43.591217432302464,4.8373144635824794e-11,1.5045950596711994e-19
4.478010853966873e+23,44.78010853966873,3.321536164218642e-11,1.0339489639696404e-19
4.600142503334903e+23,46.00142503334903,2.2591923408114857e-11,7.038056229620851e-20
4.7256051271610046e+23,47.25605127161005,1.5217319741432557e-11,4.7442938007240695e-20
4.854489573238464e+23,48.54489573238464,1.014803533654517e-11,3.16623840946505e-20
4.986889167110482e+23,49.86889167110482,6.698376510708688e-12,2.091479666810577e-20
5.122899779647389e+23,51.22899779647389,4.375045477496055e-12,1.3670462201439666e-20
5.26261989646698e+23,52.6261989646698,2.826827337593124e-12,8.839147889386396e-21
5.406150689248189e+23,54.06150689248189,1.8063189936704222e-12,5.652100634453579e-21
5.553596088989705e+23,55.535960889897055,1.1411407530314578e-12,3.5731617642684915e-21
5.705062861266892e+23,57.05062861266892,7.125264620913066e-13,2.2325750937200332e-21
5.860660683540499e+23,58.60660683540499,4.395855047429744e-13,1.3782675663402492e-21
6.020502224575023e+23,60.20502224575023,2.6787113063309496e-13,8.404164821193956e-22
6.184703226021928e+23,61.84703226021928,1.6117740260016757e-13,5.059930756610013e-22
6.353382586228689e+23,63.53382586228689,9.572588542062649e-14,3.00700950730182e-22
6.526662446333336e+23,65.26662446333336,5.6098157775440424e-14,1.7632429358867145e-22
6.704668278707144e+23,67.04668278707145,3.242681476137689e-14,1.0198096008066438e-22
6.887528977809488e+23,68.87528977809488,1.848138017642709e-14,5.815586726115861e-23
7.07537695352058e+23,70.7537695352058,1.0381788115336037e-14,3.268652035089543e-23
7.268348227020077e+23,72.68348227020077,5.745740017434693e-15,1.8099765997681388e-23
7.466582529279704e+23,74.66582529279704,3.1316936737152796e-15,9.870287682893474e-24
7.670223402243625e+23,76.70223402243624,1.6803139475048197e-15,5.298557372844174e-24
7.87941830276686e+23,78.79418302766861,8.87140878668515e-16,2.7987857640275475e-24
8.094318709389452e+23,80.94318709389452,4.606738513512412e-16,1.4540312442153683e-24
8.315080232022388e+23,83.15080232022389,2.3517745234524814e-16,7.42629708785305e-25
8.541862724625124e+23,85.41862724625123,1.1797654925153092e-16,3.727024462411295e-25
8.774830400956218e+23,87.74830400956218,5.812789416021853e-17,1.8371077911314882e-25
9.014151953480852e+23,90.14151953480852,2.8115610603314414e-17,8.889447721378806e-26
9.260000675521822e+23,92.60000675521822,1.3343311057721869e-17,4.2204809885223524e-26
9.512554586740842e+23,95.12554586740842,6.2102037226752515e-18,1.9650304786209094e-26
9.771996562044066e+23,97.71996562044066,2.8329631626566004e-18,8.967340835728493e-27
1.0038514464001424e+24,100.38514464001423,1.2659866095814752e-18,4.008718389684953e-27
1.0312301278878752e+24,103.12301278878752,5.538907034887709e-19,1.754481393517684e-27
1.0593555256379544e+24,105.93555256379544,2.3712249212053475e-19,7.513468268747651e-28
1.088248005319804e+24,108.8248005319804,9.926934681274248e-20,3.146450050581206e-28
1.1179284880487548e+24,111.79284880487548,4.061479583549573e-20,1.2877248541148577e-28
1.148418465535065e+24,114.8418465535065,1.622952450989472e-20,5.147224117128011e-29
1.1797400156461679e+24,117.97400156461678,6.329917098820375e-21,2.008118481570935e-29
1.2119158183932057e+24,121.19158183932056,2.4080840320286334e-21,7.64157222136709e-30
1.2449691723538143e+24,124.49691723538143,8.92954905796669e-22,2.8343685497771423e-30
1.2789240115425748e+24,127.89240115425748,3.225273694381703e-22,1.0240123575153065e-30
1.313804922741741e+24,131.3804922741741,1.1338861546711855e-22,3.6009426764754274e-31
1.349637163304578e+24,134.9637163304578,3.877183981369038e-23,1.2315945923580988e-31
1.386446679444274e+24,138.6446679444274,1.2884781123199909e-23,4.093828634362768e-32
1.424260125021658e+24,142.4260125021658,4.158264171261168e-24,1.3214865321052888e-32
1.463104880845311e+24,146.3104880845311,1.3021862221867087e-24,4.1392224222778084e-33
1.50300907449814e+24,150.300907449814,3.9536873790873188e-25,1.2570139318309198e-33
1.5440016007044939e+24,154.40016007044937,1.1628731933300405e-25,3.6979364938099656e-34
1.5861121422530767e+24,158.61121422530766,3.31044129018393e-26,1.0529303822813147e-34
1.6293711914901915e+24,162.93711914901914,9.113295313396861e-27,2.899167846498852e-35
1.6738100723993853e+24,167.38100723993853,2.4238352076376012e-27,7.712279027006804e-36
1.7194609632832096e+24,171.94609632832095,6.222431882724003e-28,1.9802462758951757e-36
1.7663569200636079e+24,176.63569200636078,1.5403765694758215e-28,4.90301411917635e-37
1.8145319002177905e+24,181.45319002177905,3.673434220727742e-29,1.1694551109439818e-37
1.8640207873669113e+24,186.40207873669112,8.430502970847574e-30,2.684341511905768e-38
1.9148594165354596e+24,191.48594165354595,1.8600122380768506e-30,5.923400470893599e-39
1.96708460009932e+24,196.708460009932,3.940870108681268e-31,1.2552103600026796e-39
2.0207341544419217e+24,202.07341544419216,8.009449481916988e-32,2.5514926069460146e-40
2.075846927337002e+24,207.5846927337002,1.559748681110305e-32,4.969489085145164e-41
2.1324628260784522e+24,213.24628260784522,2.906978314218688e-33,9.263234122857395e-42
2.1906228463772727e+24,219.06228463772726,5.178979355600958e-34,1.650543915509482e-42
2.250369102046667e+24,225.0369102046667,8.809021221433526e-35,2.8078311329171e-43
2.3117448554967572e+24,231.17448554967572,1.4287082145271743e-35,4.554552481406628e-44
2.3747945490609806e+24,237.47945490609806,2.2066233524239617e-36,7.035381907288631e-45
2.439563837176991e+24,243.9563837176991,3.241176448885635e-37,1.0335177513962221e-45
2.5060996194449347e+24,250.60996194449348,4.521392049377435e-38,1.4419220019976731e-46
2.574450074587838e+24,257.4450074587838,5.981714739794606e-39,1.9078675126867124e-47
2.6446646953377243e+24,264.46646953377245,7.494378447225475e-40,2.390615098350734e-48
2.7167943242735196e+24,271.67943242735197,8.878859020482749e-41,2.8325746670474462e-49
2.7908911906362703e+24,279.08911906362704,9.93179978806438e-42,3.168845090603362e-50
2.867008948148463e+24,286.7008948148463,1.0472914829394449e-42,3.341859451264195e-51
2.945202713864818e+24,294.5202713864818,1.0393863324596892e-43,3.3169880519869056e-52
3.025529108082658e+24,302.55291080826584,9.692552535424541e-45,3.0935001055210612e-53
3.108046295340928e+24,310.8046295340928,8.478389701087349e-46,2.7062580819282625e-54
3.192814026537006e+24,319.2814026537006,6.944561287479162e-47,2.216885903543816e-55
3.2798936821928273e+24,327.9893682192827,5.3168447237610934e-48,1.697438499017477e-56
3.3693483169003917e+24,336.9348316900392,3.797878778925323e-49,1.2126112507446493e-57
3.4612427049798747e+24,346.1242704979875,2.5262980199929048e-50,8.066857867591877e-59
3.555643387382846e+24,355.5643387382846,1.5618538544211358e-51,4.987678777785652e-60
3.652618719874736e+24,365.2618719874736,8.956564434911166e-53,2.8604657334307973e-61
3.752238922531414e+24,375.2238922531414,4.754414102327822e-54,1.5185478836097384e-62
3.854576130585683e+24,385.45761305856826,2.3312666982852053e-55,7.446610465353872e-64
3.959704446660739e+24,395.9704446660739,1.0536254167165151e-56,3.365790876421277e-65
4.0676999944277105e+24,406.76999944277105,4.37939466044961e-58,1.3990983133072773e-66
4.178640973727448e+24,417.8640973727448,1.6702572279890643e-59,5.336417898029184e-68
4.2926077171948585e+24,429.26077171948583,5.831426732077709e-61,1.863256759507486e-69
4.4096827484281306e+24,440.96827484281306,1.8592654040468897e-62,5.941139995488902e-71
4.529950841744241e+24,452.9950841744241,5.400169096500641e-64,1.7257003931331705e-72
4.653499083564243e+24,465.3499083564243,1.425173203917688e-65,4.554644366682875e-74
4.780416935472758e+24,478.0416935472758,3.4086857861550833e-67,1.0894360484147428e-75
4.910796298997292e+24,491.0796298997292,7.368838066170283e-69,2.355271152517777e-77
5.04473158215455e+24,504.473158215455,1.4358384899265541e-70,4.589589221962113e-79
5.182319767811075e+24,518.2319767811075,2.514639706825805e-72,8.038398552084186e-81
5.323660483909346e+24,532.3660483909346,3.946798582583915e-74,1.2617214928501451e-82
5.468856075608165e+24,546.8856075608164,5.534954093999433e-76,1.7695244957742685e-84
5.618011679391242e+24,561.8011679391242,6.914300960553709e-78,2.2106201054275093e-86
5.771235299196743e+24,577.1235299196743,7.669668130683432e-80,2.4522512615322285e-88
5.928637884623197e+24,592.8637884623197,7.529918091146031e-82,2.407689598683097e-90
6.090333411268386e+24,609.0333411268385,6.521419678828384e-84,2.0853240444567138e-92
6.256438963259291e+24,625.6438963259291,4.965300319828384e-86,1.5878058567087032e-94
6.427074818033257e+24,642.7074818033257,3.3118675808545724e-88,1.0591187413907319e-96
6.602364533430615e+24,660.2364533430615,1.9282143032092797e-90,6.166605235104283e-99
6.782435037163941e+24,678.2435037163941,9.762935793859768e-93,3.1224090610303794e-101
6.967416718726148e+24,696.7416718726148,4.282448721333881e-95,1.3696809883431264e-103
7.157443523806101e+24,715.74435238061,1.6210224103536778e-97,5.184818417127296e-106
7.352653051278965e+24,735.2653051278966,5.273791247369769e-100,1.6868798100497676e-108
7.553186652841893e+24,755.3186652841893,1.4685815199243023e-102,4.69759255873764e-111
7.759189535367126e+24,775.9189535367126,3.4855346096100345e-105,1.1149674497848734e-113
7.970810866046589e+24,797.0810866046588,7.020070771697526e-108,2.2456869438846582e-116
8.188203880404541e+24,818.8203880404541,1.1944473425074724e-110,3.821106211332391e-119
8.411525993255076e+24,841.1525993255076,1.7090129513915973e-113,5.46740551234802e-122
8.6409389126875e+24,864.09389126875,2.0465445014238933e-116,6.547423327792503e-125
8.876608757158817e+24,887.6608757158816,2.0411877791540978e-119,6.530477843910247e-128
9.118706175780854e+24,911.8706175780853,1.6871796184822365e-122,5.398033553519219e-131
9.367406471887626e+24,936.7406471887626,1.1498140034495538e-125,3.6788629430213945e-134
9.622889729972916e+24,962.2889729972916,6.426760680421005e-129,2.0563138737789959e-137
9.885340946089894e+24,988.5340946089893,2.9302362595012594e-132,9.375850992588829e-141
1.0154950161807132e+25,1015.4950161807132,1.0837833989024697e-135,3.4678544547769345e-144
1.0431912601818579e+25,1043.1912601818578,3.233173174576467e-139,1.034563571627662e-147
1.0716428815305334e+25,1071.6428815305335,7.734129205396884e-143,2.4748508767023312e-151
1.1008704821154964e+25,1100.8704821154963,1.4745838615273503e-146,4.718631313180796e-155
1.1308952257139362e+25,1130.8952257139363,2.2269531773982514e-150,7.126334134346195e-159
1.1617388533162596e+25,1161.7388533162596,2.6471015600620727e-154,8.470982930042163e-163
1.1934236988687872e+25,1193.4236988687871,2.460405977893012e-158,7.873678442800377e-167
1.2259727054458185e+25,1225.9727054458185,1.7762360096978207e-162,5.68432461620556e-171
1.2594094418627683e+25,1259.4094418627683,9.891304934034734e-167,3.1654736628744314e-175
1.2937581197423928e+25,1293.7581197423929,4.218760619750603e-171,1.350132940658217e-179
1.3290436110465382e+25,1329.0436110465382,1.3681374232736338e-175,4.378522068679901e-184
1.3652914660858727e+25,1365.2914660858726,3.3483960554109732e-180,1.0716191306576774e-188
1.4025279320210774e+25,1402.5279320210773,6.137140794251937e-185,1.9641524619539011e-193
1.4407799718683633e+25,1440.7799718683632,8.357688989046595e-190,2.6748562978805155e-198
1.4800752840235096e+25,1480.0752840235095,8.38826563869757e-195,2.6846720665916253e-203
1.5204423223183303e+25,1520.4423223183303,6.153224455109852e-200,1.9693655494957024e-208
1.5619103166241624e+25,1561.9103166241625,3.270829251988272e-205,1.0468529095535898e-213
1.604509294017289e+25,1604.509294017289,1.248866227732482e-210,3.9971241605548664e-219
1.6482701005216036e+25,1648.2701005216036,3.394306287269929e-216,1.0863915956242325e-224
1.6932244234443605e+25,1693.2244234443606,6.506242142030668e-222,2.0824231320303706e-230
1.739404814320881e+25,1739.4048143208809,8.711852825753771e-228,2.7883829864002706e-236
1.7868447124853927e+25,1786.8447124853926,8.069302527106097e-234,2.5827406003430147e-242
1.8355784692843813e+25,1835.5784692843813,5.118404798885538e-240,1.6382572223047571e-248
1.8856413729505528e+25,1885.6413729505527,2.2004689386566765e-246,7.043121122707752e-255
1.937069674155118e+25,1937.0696741551178,6.344015490166617e-253,2.0305626701812468e-261
1.9899006122569885e+25,1989.9006122569886,1.2132275649884186e-259,3.883260161519875e-268
2.044172442267893e+25,2044.172442267893,1.5218815859545072e-266,4.871211132992471e-275
2.099924462552902e+25,2099.924462552902,1.2378809574479852e-273,3.962202571172432e-282
2.157197043286561e+25,2157.197043286561,6.452068181072952e-281,2.065181772459048e-289
2.2160316556848396e+25,2216.0316556848397,2.1289415241127892e-288,6.814350380415226e-297
2.2764709020347864e+25,2276.4709020347864,4.3918971565263547e-296,1.405769584913951e-304
2.3385585465427555e+25,2338.5585465427557,5.592364990096127e-304,1.790023008884e-312
2.402339547024263e+25,2402.339547024263,4.33783850019e-312,1.3883e-320
2.4678600874580364e+25,2467.8600874580366,2.022e-320,0.0
2.535167611427942e+25,2535.167611427942,0.0,0.0
2.604310856477006e+25,2604.310856477006,0.0,0.0
2.6753398893983624e+25,2675.339889398362,0.0,0.0
2.7483061424888522e+25,2748.3061424888524,0.0,0.0
2.823262450791033e+25,2823.2624507910327,0.0,0.0
2.900263090351473e+25,2900.263090351473,0.0,0.0
2.9793638175219247e+25,2979.363817521925,0.0,0.0
3.0606219093327466e+25,3060.621909332747,0.0,0.0
3.1440962049673186e+25,3144.0962049673185,0.0,0.0
3.2298471483676405e+25,3229.8471483676403,0.0,0.0
3.317936832001938e+25,3317.936832001938,0.0,0.0
3.4084290418259407e+25,3408.4290418259407,0.0,0.0
3.5013893034705933e+25,3501.3893034705934,0.0,0.0
3.5968849296890117e+25,3596.8849296890116,0.0,0.0
3.694985069098213e+25,3694.985069098213,0.0,0.0
3.795760756249481e+25,3795.760756249481,0.0,0.0
3.899284963064806e+25,3899.2849630648057,0.0,0.0
4.005632651675998e+25,4005.632651675998,0.0,0.0
4.114880828704958e+25,4114.880828704958,0.0,0.0
4.227108601024354e+25,4227.108601024354,0.0,0.0
4.34239723303907e+25,4342.39723303907,0.0,0.0
4.460830205530137e+25,4460.830205530137,0.0,0.0
4.58249327610298e+25,4582.49327610298,0.0,0.0
4.7074745412852095e+25,4707.47454128521,0.0,0.0
4.835864500317141e+25,4835.864500317141,0.0,0.0
4.967756120682694e+25,4967.756120682694,0.0,0.0
5.103244905427336e+25,5103.244905427336,0.0,0.0
5.242428962312081e+25,5242.42896231208,0.0,0.0
5.38540907485355e+25,5385.40907485355,0.0,0.0
5.532288775301522e+25,5532.288775301522,0.0,0.0
5.683174419607069e+25,5683.174419607069,0.0,0.0
5.838175264434891e+25,5838.175264434891,0.0,0.0
5.997403546276515e+25,5997.403546276515,0.0,0.0
6.160974562720967e+25,6160.974562720968,0.0,0.0
6.32900675594204e+25,6329.00675594204,0.0,0.0
6.5016217984625605e+25,6501.62179846256,0.0,0.0
6.678944681257764e+25,6678.944681257764,0.0,0.0
6.861103804261562e+25,6861.103804261562,0.0,0.0
7.048231069341195e+25,7048.231069341195,0.0,0.0
7.240461975807923e+25,7240.461975807923,0.0,0.0
7.437935718532073e+25,7437.935718532073,0.0,0.0
7.640795288734604e+25,7640.795288734604,0.0,0.0
7.84918757752735e+25,7849.187577527351,0.0,0.0
8.063263482277235e+25,8063.263482277235,0.0,0.0
8.283178015871422e+25,8283.178015871423,0.0,0.0
8.509090418962524e+25,8509.090418962523,0.0,0.0
8.741164275275157e+25,8741.164275275158,0.0,0.0
8.979567630057234e+25,8979.567630057234,0.0,0.0
9.22447311176224e+25,9224.47311176224,0.0,0.0
9.476058057049478e+25,9476.058057049479,0.0,0.0
9.73450463919427e+25,9734.50463919427,0.0,0.0
1e+26,10000.0,0.0,0.0
