nH_cm2,nH_1e22,flux_broad_ph,flux_broad_erg
1000000000000000.0,1e-07,1.5867751904568897e-12,1.5867751904568897e-12
1025677930744420.9,1.0256779307444209e-07,1.5867751857968518e-12,1.5867751857968518e-12
1052015217616156.9,1.0520152176161568e-07,1.5867751810171483e-12,1.5867751810171483e-12
1079028791516185.8,1.0790287915161857e-07,1.586775176114715e-12,1.586775176114715e-12
1106736018095974.5,1.1067360180959745e-07,1.5867751710863947e-12,1.5867751710863947e-12
1135154708920999.0,1.135154708920999e-07,1.5867751659289575e-12,1.5867751659289575e-12
1164303132920875.5,1.1643031329208755e-07,1.5867751606390945e-12,1.5867751606390945e-12
1194200028133530.0,1.19420002813353e-07,1.5867751552133925e-12,1.5867751552133925e-12
1224864613750933.2,1.2248646137509333e-07,1.5867751496483695e-12,1.5867751496483695e-12
1256316602474121.5,1.2563166024741214e-07,1.5867751439404511e-12,1.5867751439404511e-12
1288576213185518.0,1.288576213185518e-07,1.5867751380859624e-12,1.5867751380859624e-12
1321664183946603.8,1.3216641839466037e-07,1.5867751320811483e-12,1.5867751320811483e-12
1355601785329366.2,1.3556017853293663e-07,1.5867751259221378e-12,1.5867751259221378e-12
1390410834090072.5,1.3904108340900724e-07,1.5867751196049778e-12,1.5867751196049778e-12
1426113707194129.8,1.4261137071941298e-07,1.5867751131256079e-12,1.5867751131256079e-12
1462733356201130.0,1.46273335620113e-07,1.5867751064798595e-12,1.5867751064798595e-12
1500293322019216.8,1.5002933220192168e-07,1.5867750996634615e-12,1.5867750996634615e-12
1538817750038343.2,1.538817750038343e-07,1.5867750926720334e-12,1.5867750926720334e-12
1578331405652119.8,1.5783314056521197e-07,1.586775085501081e-12,1.586775085501081e-12
1618859690178199.2,1.6188596901781992e-07,1.5867750781459929e-12,1.5867750781459929e-12
1660428657187529.5,1.6604286571875294e-07,1.5867750706020408e-12,1.5867750706020408e-12
1703065029252842.5,1.7030650292528424e-07,1.5867750628643767e-12,1.5867750628643767e-12
1746796215127242.2,1.7467962151272424e-07,1.5867750549280258e-12,1.5867750549280258e-12
1791650327363903.2,1.7916503273639031e-07,1.5867750467878854e-12,1.5867750467878854e-12
1837656200388172.5,1.8376562003881725e-07,1.5867750384387228e-12,1.5867750384387228e-12
1884843409033795.5,1.8848434090337956e-07,1.5867750298751719e-12,1.5867750298751719e-12
1933242287555043.2,1.9332422875550434e-07,1.5867750210917267e-12,1.5867750210917267e-12
1982883949127067.2,1.9828839491270673e-07,1.5867750120827413e-12,1.5867750120827413e-12
2033800305846984.2,2.0338003058469841e-07,1.5867750028424226e-12,1.5867750028424226e-12
2086024089248505.0,2.086024089248505e-07,1.5867749933648313e-12,1.5867749933648313e-12
2139588871343421.5,2.1395888713434216e-07,1.5867749836438782e-12,1.5867749836438782e-12
2194529086203311.5,2.1945290862033115e-07,1.5867749736733065e-12,1.5867749736733065e-12
2250880052095457.2,2.2508800520954574e-07,1.586774963446715e-12,1.586774963446715e-12
2308677994187172.0,2.308677994187172e-07,1.5867749529575275e-12,1.5867749529575275e-12
2367960067833078.5,2.3679600678330785e-07,1.586774942198995e-12,1.586774942198995e-12
2428764382460450.5,2.4287643824604503e-07,1.586774931164209e-12,1.586774931164209e-12
2491130026067786.0,2.491130026067786e-07,1.5867749198460756e-12,1.5867749198460756e-12
2555097090352502.0,2.555097090352502e-07,1.5867749082373084e-12,1.5867749082373084e-12
2620706696483855.0,2.620706696483855e-07,1.5867748963304607e-12,1.5867748963304607e-12
2688001021537607.5,2.6880010215376075e-07,1.5867748841178688e-12,1.5867748841178688e-12
2757023325609582.5,2.7570233256095827e-07,1.5867748715916787e-12,1.5867748715916787e-12
2827817979625338.0,2.827817979625338e-07,1.5867748587438442e-12,1.5867748587438442e-12
2900430493863985.5,2.9004304938639855e-07,1.5867748455661038e-12,1.5867748455661038e-12
2974907547214443.5,2.9749075472144436e-07,1.5867748320499873e-12,1.5867748320499873e-12
3051297017182871.0,3.051297017182871e-07,1.5867748181868056e-12,1.5867748181868056e-12
3129648010670750.5,3.1296480106707507e-07,1.5867748039676474e-12,1.5867748039676474e-12
3210010895543168.5,3.2100108955431685e-07,1.5867747893833703e-12,1.5867747893833703e-12
3292437333007775.5,3.292437333007775e-07,1.5867747744245974e-12,1.5867747744245974e-12
3376980310825095.0,3.376980310825095e-07,1.5867747590817188e-12,1.5867747590817188e-12
3463694177371734.5,3.4636941773717346e-07,1.5867747433448633e-12,1.5867747433448633e-12
3552634676578139.5,3.5526346765781394e-07,1.5867747272039196e-12,1.5867747272039196e-12
3643858983763540.5,3.6438589837635404e-07,1.5867747106485115e-12,1.5867747106485115e-12
3737425742391056.5,3.737425742391056e-07,1.5867746936679972e-12,1.5867746936679972e-12
3833395101766605.5,3.8333951017666054e-07,1.5867746762514554e-12,1.5867746762514554e-12
3931828755705770.0,3.93182875570577e-07,1.5867746583876944e-12,1.5867746583876944e-12
4032789982193705.5,4.0327899821937054e-07,1.586774640065229e-12,1.586774640065229e-12
4136343684063269.5,4.1363436840632694e-07,1.5867746212722853e-12,1.5867746212722853e-12
4242556430717786.0,4.242556430717786e-07,1.586774601996773e-12,1.586774601996773e-12
4351496500925054.5,4.3514965009250545e-07,1.5867745822263085e-12,1.5867745822263085e-12
4463233926710397.5,4.4632339267103974e-07,1.5867745619481824e-12,1.5867745619481824e-12
4577840538376616.0,4.577840538376616e-07,1.5867745411493556e-12,1.5867745411493556e-12
4695390010680053.0,4.695390010680053e-07,1.5867745198164572e-12,1.5867745198164572e-12
4815957910192361.0,4.815957910192361e-07,1.5867744979357765e-12,1.5867744979357765e-12
4939621743878326.0,4.939621743878326e-07,1.5867744754932453e-12,1.5867744754932453e-12
5066461008921269.0,5.066461008921269e-07,1.5867744524744394e-12,1.5867744524744394e-12
5196557243827657.0,5.196557243827657e-07,1.5867744288645578e-12,1.5867744288645578e-12
5329994080844082.0,5.329994080844082e-07,1.5867744046484239e-12,1.5867744046484239e-12
5466857299720192.0,5.466857299720192e-07,1.586774379810472e-12,1.586774379810472e-12
5607234882852038.0,5.607234882852038e-07,1.5867743543347344e-12,1.5867743543347344e-12
5751217071841614.0,5.751217071841613e-07,1.586774328204836e-12,1.586774328204836e-12
5898896425508493.0,5.898896425508493e-07,1.5867743014039694e-12,1.5867743014039694e-12
6050367879391212.0,6.050367879391212e-07,1.5867742739149248e-12,1.5867742739149248e-12
6205728806776513.0,6.205728806776513e-07,1.586774245720013e-12,1.586774245720013e-12
6365079081295578.0,6.365079081295578e-07,1.5867742168011174e-12,1.5867742168011174e-12
6528521141127847.0,6.528521141127847e-07,1.5867741871396442e-12,1.5867741871396442e-12
6696160054853215.0,6.696160054853214e-07,1.586774156716532e-12,1.586774156716532e-12
6868103588995293.0,6.868103588995293e-07,1.586774125512218e-12,1.586774125512218e-12
7044462277299051.0,7.044462277299051e-07,1.5867740935066428e-12,1.5867740935066428e-12
7225349491787221.0,7.22534949178722e-07,1.586774060679234e-12,1.586774060679234e-12
7410881515641570.0,7.41088151564157e-07,1.5867740270088865e-12,1.5867740270088865e-12
7601177617955323.0,7.601177617955323e-07,1.586773992473958e-12,1.586773992473958e-12
7796360130405221.0,7.796360130405221e-07,1.586773957052245e-12,1.586773957052245e-12
7996554525892363.0,7.996554525892363e-07,1.5867739207209783e-12,1.5867739207209783e-12
8201889499202212.0,8.201889499202212e-07,1.5867738834568043e-12,1.5867738834568043e-12
8412497049736118.0,8.412497049736118e-07,1.5867738452357651e-12,1.5867738452357651e-12
8628512566366887.0,8.628512566366887e-07,1.5867738060332915e-12,1.5867738060332915e-12
8850074914473421.0,8.850074914473421e-07,1.5867737658241839e-12,1.5867737658241839e-12
9077326525210242.0,9.077326525210242e-07,1.5867737245825925e-12,1.5867737245825925e-12
9310413487069084.0,9.310413487069084e-07,1.5867736822820064e-12,1.5867736822820064e-12
9549485639791966.0,9.549485639791966e-07,1.5867736388952324e-12,1.5867736388952324e-12
9794696670695386.0,9.794696670695385e-07,1.5867735943943805e-12,1.5867735943943805e-12
1.004620421346811e+16,1.004620421346811e-06,1.5867735487508433e-12,1.5867735487508433e-12
1.0304169949505854e+16,1.0304169949505854e-06,1.586773501935278e-12,1.586773501935278e-12
1.0568759711848008e+16,1.0568759711848007e-06,1.5867734539175925e-12,1.5867734539175925e-12
1.0840143591783354e+16,1.0840143591783354e-06,1.5867734046669177e-12,1.5867734046669177e-12
1.1118496048192744e+16,1.1118496048192744e-06,1.5867733541515923e-12,1.5867733541515923e-12
1.1403996019700354e+16,1.1403996019700353e-06,1.5867733023391383e-12,1.5867733023391383e-12
1.169682703970387e+16,1.169682703970387e-06,1.5867732491962585e-12,1.5867732491962585e-12
1.1997177354358856e+16,1.1997177354358857e-06,1.5867731946887843e-12,1.5867731946887843e-12
1.2305240043592616e+16,1.2305240043592616e-06,1.5867731387816783e-12,1.5867731387816783e-12
1.262121314522546e+16,1.262121314522546e-06,1.5867730814390028e-12,1.5867730814390028e-12
1.2945299782279134e+16,1.2945299782279134e-06,1.586773022623887e-12,1.586773022623887e-12
1.3277708293554264e+16,1.3277708293554264e-06,1.586772962298532e-12,1.586772962298532e-12
1.3618652367560772e+16,1.3618652367560772e-06,1.5867729004241582e-12,1.5867729004241582e-12
1.396835117988734e+16,1.396835117988734e-06,1.586772836960981e-12,1.586772836960981e-12
1.4327029534098354e+16,1.4327029534098355e-06,1.586772771868212e-12,1.586772771868212e-12
1.4694918006248202e+16,1.4694918006248202e-06,1.5867727051040074e-12,1.5867727051040074e-12
1.5072253093107586e+16,1.5072253093107586e-06,1.5867726366254407e-12,1.5867726366254407e-12
1.5459277364194786e+16,1.5459277364194786e-06,1.5867725663885005e-12,1.5867725663885005e-12
1.5856239617711372e+16,1.5856239617711372e-06,1.586772494348029e-12,1.586772494348029e-12
1.6263395040481906e+16,1.6263395040481906e-06,1.5867724204577191e-12,1.5867724204577191e-12
1.6681005372000558e+16,1.6681005372000557e-06,1.586772344670073e-12,1.586772344670073e-12
1.71093390726901e+16,1.71093390726901e-06,1.586772266936365e-12,1.586772266936365e-12
1.7548671496481448e+16,1.7548671496481448e-06,1.5867721872066318e-12,1.5867721872066318e-12
1.7999285067824838e+16,1.7999285067824837e-06,1.5867721054296183e-12,1.5867721054296183e-12
1.8461469463245532e+16,1.8461469463245532e-06,1.5867720215527566e-12,1.5867720215527566e-12
1.893552179756299e+16,1.8935521797562992e-06,1.5867719355221235e-12,1.5867719355221235e-12
1.9421746814890284e+16,1.9421746814890283e-06,1.5867718472824182e-12,1.5867718472824182e-12
1.992045708453871e+16,1.992045708453871e-06,1.5867717567769172e-12,1.5867717567769172e-12
2.0431973201952704e+16,2.0431973201952705e-06,1.5867716639474413e-12,1.5867716639474413e-12
2.0956623994804308e+16,2.095662399480431e-06,1.5867715687343147e-12,1.5867715687343147e-12
2.149474673437976e+16,2.149474673437976e-06,1.5867714710763348e-12,1.5867714710763348e-12
2.204668735239403e+16,2.2046687352394033e-06,1.5867713709107168e-12,1.5867713709107168e-12
2.2612800663372704e+16,2.2612800663372705e-06,1.586771268173073e-12,1.586771268173073e-12
2.319345059274437e+16,2.3193450592744366e-06,1.5867711627973658e-12,1.5867711627973658e-12
2.3789010410789004e+16,2.3789010410789003e-06,1.586771054715854e-12,1.586771054715854e-12
2.439986297259555e+16,2.439986297259555e-06,1.5867709438590572e-12,1.5867709438590572e-12
2.502640096417922e+16,2.502640096417922e-06,1.5867708301557113e-12,1.5867708301557113e-12
2.566902715491952e+16,2.566902715491952e-06,1.5867707135327278e-12,1.5867707135327278e-12
2.63281546564802e+16,2.63281546564802e-06,1.5867705939151421e-12,1.5867705939151421e-12
2.70042071883777e+16,2.70042071883777e-06,1.5867704712260514e-12,1.5867704712260514e-12
2.7697619350368852e+16,2.769761935036885e-06,1.5867703453865905e-12,1.5867703453865905e-12
2.840883690183295e+16,2.840883690183295e-06,1.5867702163158696e-12,1.5867702163158696e-12
2.913831704832777e+16,2.9138317048327767e-06,1.586770083930915e-12,1.586770083930915e-12
2.9886528735503948e+16,2.9886528735503947e-06,1.5867699481466288e-12,1.5867699481466288e-12
3.065395295056536e+16,3.065395295056536e-06,1.5867698088757215e-12,1.5867698088757215e-12
3.144108303147271e+16,3.1441083031472713e-06,1.5867696660286686e-12,1.5867696660286686e-12
3.2248424984084456e+16,3.2248424984084455e-06,1.5867695195136422e-12,1.5867695195136422e-12
3.3076497807442424e+16,3.3076497807442426e-06,1.5867693692364607e-12,1.5867693692364607e-12
3.392583382740992e+16,3.392583382740992e-06,1.586769215100522e-12,1.586769215100522e-12
3.479697903887688e+16,3.479697903887688e-06,1.5867690570067438e-12,1.5867690570067438e-12
3.5690493456752224e+16,3.5690493456752223e-06,1.5867688948534986e-12,1.5867688948534986e-12
3.660695147596891e+16,3.6606951475968912e-06,1.5867687285365507e-12,1.5867687285365507e-12
3.754694224073322e+16,3.7546942240733217e-06,1.5867685579489903e-12,1.5867685579489903e-12
3.851107002325585e+16,3.851107002325585e-06,1.5867683829811565e-12,1.5867683829811565e-12
3.949995461220655e+16,3.949995461220655e-06,1.5867682035205771e-12,1.5867682035205771e-12
4.051423171114656e+16,4.051423171114656e-06,1.586768019451891e-12,1.586768019451891e-12
4.155455334718879e+16,4.155455334718879e-06,1.58676783065678e-12,1.58676783065678e-12
4.262158829015325e+16,4.262158829015325e-06,1.586767637013877e-12,1.586767637013877e-12
4.371602248248502e+16,4.371602248248502e-06,1.5867674383987076e-12,1.5867674383987076e-12
4.4838559480211816e+16,4.483855948021182e-06,1.5867672346835945e-12,1.5867672346835945e-12
4.598992090522429e+16,4.598992090522429e-06,1.5867670257375925e-12,1.5867670257375925e-12
4.717084690917003e+16,4.717084690917003e-06,1.5867668114263833e-12,1.5867668114263833e-12
4.838209664925938e+16,4.8382096649259375e-06,1.586766591612205e-12,1.586766591612205e-12
4.9624448776289336e+16,4.962444877628934e-06,1.5867663661537616e-12,1.5867663661537616e-12
5.089870193519695e+16,5.089870193519695e-06,1.5867661349061243e-12,1.5867661349061243e-12
5.220567527846986e+16,5.220567527846986e-06,1.5867658977206428e-12,1.5867658977206428e-12
5.354620899273613e+16,5.354620899273613e-06,1.5867656544448508e-12,1.5867656544448508e-12
5.492116483887789e+16,5.492116483887789e-06,1.5867654049223698e-12,1.5867654049223698e-12
5.633142670601352e+16,5.633142670601352e-06,1.5867651489928041e-12,1.5867651489928041e-12
5.777790117970495e+16,5.777790117970495e-06,1.5867648864916396e-12,1.5867648864916396e-12
5.926151812475541e+16,5.926151812475541e-06,1.5867646172501398e-12,1.5867646172501398e-12
6.078323128297211e+16,6.078323128297211e-06,1.5867643410952324e-12,1.5867643410952324e-12
6.23440188862789e+16,6.2344018886278895e-06,1.5867640578494061e-12,1.5867640578494061e-12
6.3944884285569624e+16,6.394488428556963e-06,1.586763767330586e-12,1.586763767330586e-12
6.558685659571449e+16,6.558685659571448e-06,1.5867634693520306e-12,1.5867634693520306e-12
6.72709913571235e+16,6.727099135712351e-06,1.5867631637221971e-12,1.5867631637221971e-12
6.899837121430026e+16,6.899837121430026e-06,1.5867628502446282e-12,1.5867628502446282e-12
7.07701066118189e+16,7.07701066118189e-06,1.5867625287178146e-12,1.5867625287178146e-12
7.258733650817246e+16,7.2587336508172466e-06,1.5867621989350878e-12,1.5867621989350878e-12
7.445122910795128e+16,7.445122910795128e-06,1.5867618606844584e-12,1.5867618606844584e-12
7.636298261282226e+16,7.636298261282225e-06,1.5867615137485006e-12,1.5867615137485006e-12
7.832382599179173e+16,7.832382599179173e-06,1.5867611579042129e-12,1.5867611579042129e-12
8.033501977124702e+16,8.033501977124702e-06,1.586760792922856e-12,1.586760792922856e-12
8.239785684528546e+16,8.239785684528546e-06,1.5867604185698233e-12,1.5867604185698233e-12
8.45136633068474e+16,8.45136633068474e-06,1.5867600346044898e-12,1.5867600346044898e-12
8.668379930019792e+16,8.668379930019791e-06,1.5867596407800365e-12,1.5867596407800365e-12
8.890965989529168e+16,8.890965989529167e-06,1.5867592368433262e-12,1.5867592368433262e-12
9.119267598459298e+16,9.119267598459298e-06,1.5867588225347196e-12,1.5867588225347196e-12
9.353431520292378e+16,9.353431520292377e-06,1.586758397587901e-12,1.586758397587901e-12
9.593608287093128e+16,9.593608287093128e-06,1.5867579617297164e-12,1.5867579617297164e-12
9.839952296278206e+16,9.839952296278206e-06,1.5867575146800153e-12,1.5867575146800153e-12
1.0092621909870443e+17,1.0092621909870444e-05,1.5867570561514388e-12,1.5867570561514388e-12
1.0351779556301805e+17,1.0351779556301804e-05,1.586756585849256e-12,1.586756585849256e-12
1.0617591834830034e+17,1.0617591834830033e-05,1.5867561034711703e-12,1.5867561034711703e-12
1.0890229622637328e+17,1.0890229622637328e-05,1.5867556087071252e-12,1.5867556087071252e-12
1.116986818467825e+17,1.116986818467825e-05,1.5867551012390927e-12,1.5867551012390927e-12
1.1456687286348726e+17,1.1456687286348727e-05,1.5867545807408979e-12,1.5867545807408979e-12
1.1750871309048075e+17,1.1750871309048075e-05,1.5867540468779794e-12,1.5867540468779794e-12
1.2052609368708414e+17,1.2052609368708414e-05,1.586753499307189e-12,1.586753499307189e-12
1.2362095437367666e+17,1.2362095437367666e-05,1.58675293767657e-12,1.58675293767657e-12
1.2679528467864314e+17,1.2679528467864313e-05,1.586752361625127e-12,1.586752361625127e-12
1.3005112521734045e+17,1.3005112521734045e-05,1.5867517707826028e-12,1.5867517707826028e-12
1.3339056900390533e+17,1.3339056900390533e-05,1.5867511647692258e-12,1.5867511647692258e-12
1.3681576279674762e+17,1.3681576279674762e-05,1.586750543195485e-12,1.586750543195485e-12
1.403289084785876e+17,1.403289084785876e-05,1.586749905661862e-12,1.586749905661862e-12
1.4393226447194094e+17,1.4393226447194095e-05,1.5867492517585854e-12,1.5867492517585854e-12
1.476281471909391e+17,1.476281471909391e-05,1.586748581065354e-12,1.586748581065354e-12
1.514189325304352e+17,1.514189325304352e-05,1.5867478931510967e-12,1.5867478931510967e-12
1.5530705739334586e+17,1.5530705739334586e-05,1.5867471875736601e-12,1.5867471875736601e-12
1.5929502125721197e+17,1.5929502125721197e-05,1.5867464638795439e-12,1.5867464638795439e-12
1.633853877809857e+17,1.633853877809857e-05,1.5867457216036035e-12,1.5867457216036035e-12
1.675807864530762e+17,1.675807864530762e-05,1.5867449602687582e-12,1.5867449602687582e-12
1.7188391428171526e+17,1.7188391428171528e-05,1.5867441793856799e-12,1.5867441793856799e-12
1.7629753752872112e+17,1.7629753752872113e-05,1.586743378452467e-12,1.586743378452467e-12
1.8082449348779555e+17,1.8082449348779554e-05,1.5867425569543582e-12,1.5867425569543582e-12
1.8546769230847014e+17,1.8546769230847014e-05,1.5867417143633505e-12,1.5867417143633505e-12
1.902301188668946e+17,1.902301188668946e-05,1.5867408501378989e-12,1.5867408501378989e-12
1.9511483468466163e+17,1.9511483468466162e-05,1.5867399637225618e-12,1.5867399637225618e-12
2.001249798969035e+17,2.001249798969035e-05,1.5867390545476302e-12,1.5867390545476302e-12
2.052637752709248e+17,2.052637752709248e-05,1.5867381220287796e-12,1.5867381220287796e-12
2.1053452427666995e+17,2.1053452427666996e-05,1.586737165566672e-12,1.586737165566672e-12
2.1594061521035587e+17,2.1594061521035587e-05,1.5867361845465979e-12,1.5867361845465979e-12
2.21485523372635e+17,2.21485523372635e-05,1.5867351783380674e-12,1.5867351783380674e-12
2.271728133026912e+17,2.271728133026912e-05,1.586734146294392e-12,1.586734146294392e-12
2.3300614106969296e+17,2.3300614106969297e-05,1.5867330877523016e-12,1.5867330877523016e-12
2.3898925662310528e+17,2.389892566231053e-05,1.5867320020314918e-12,1.5867320020314918e-12
2.4512600620333398e+17,2.4512600620333398e-05,1.5867308884341995e-12,1.5867308884341995e-12
2.5142033481427965e+17,2.5142033481427965e-05,1.5867297462447443e-12,1.5867297462447443e-12
2.5787628875937984e+17,2.5787628875937984e-05,1.5867285747290746e-12,1.5867285747290746e-12
2.6449801824277146e+17,2.6449801824277144e-05,1.586727373134315e-12,1.586727373134315e-12
2.712897800372459e+17,2.7128978003724587e-05,1.5867261406882463e-12,1.5867261406882463e-12
2.7825594022071146e+17,2.7825594022071145e-05,1.5867248765988306e-12,1.5867248765988306e-12
2.854009769829249e+17,2.854009769829249e-05,1.586723580053712e-12,1.586723580053712e-12
2.927294835042825e+17,2.927294835042825e-05,1.586722250219675e-12,1.586722250219675e-12
3.002461709085555e+17,3.0024617090855553e-05,1.5867208862421136e-12,1.5867208862421136e-12
3.07955871291423e+17,3.07955871291423e-05,1.5867194872445093e-12,1.5867194872445093e-12
3.158635408267819e+17,3.158635408267819e-05,1.5867180523278147e-12,1.5867180523278147e-12
3.239742629528195e+17,3.2397426295281954e-05,1.5867165805699331e-12,1.5867165805699331e-12
3.322932516398968e+17,3.3229325163989684e-05,1.586715071025089e-12,1.586715071025089e-12
3.408258547423445e+17,3.408258547423445e-05,1.5867135227232472e-12,1.5867135227232472e-12
3.4957755743632646e+17,3.495775574363264e-05,1.5867119346694606e-12,1.5867119346694606e-12
3.5855398574598317e+17,3.5855398574598315e-05,1.5867103058432519e-12,1.5867103058432519e-12
3.6776091016010157e+17,3.677609101601016e-05,1.5867086351979564e-12,1.5867086351979564e-12
3.772042493417009e+17,3.772042493417009e-05,1.5867069216600562e-12,1.5867069216600562e-12
3.8689007393279834e+17,3.868900739327983e-05,1.5867051641284687e-12,1.5867051641284687e-12
3.968246104569486e+17,3.968246104569486e-05,1.5867033614738623e-12,1.5867033614738623e-12
4.070142453219439e+17,4.070142453219439e-05,1.5867015125379208e-12,1.5867015125379208e-12
4.174655289253135e+17,4.174655289253135e-05,1.5866996161326124e-12,1.5866996161326124e-12
4.281851798652407e+17,4.281851798652407e-05,1.586697671039398e-12,1.586697671039398e-12
4.391800892596077e+17,4.391800892596077e-05,1.5866956760084986e-12,1.5866956760084986e-12
4.5045732517594445e+17,4.504573251759445e-05,1.5866936297580356e-12,1.5866936297580356e-12
4.620241371751294e+17,4.620241371751294e-05,1.586691530973249e-12,1.586691530973249e-12
4.7388796097176704e+17,4.738879609717671e-05,1.5866893783056535e-12,1.5866893783056535e-12
4.8605642321421485e+17,4.860564232142149e-05,1.5866871703721405e-12,1.5866871703721405e-12
4.985373463873904e+17,4.985373463873904e-05,1.5866849057541269e-12,1.5866849057541269e-12
5.1133875384143315e+17,5.113387538414331e-05,1.5866825829966205e-12,1.5866825829966205e-12
5.244688749495119e+17,5.2446887494951186e-05,1.5866802006073157e-12,1.5866802006073157e-12
5.3793615039806976e+17,5.379361503980698e-05,1.5866777570555943e-12,1.5866777570555943e-12
5.5174923761291174e+17,5.517492376129117e-05,1.5866752507715821e-12,1.5866752507715821e-12
5.659170163246231e+17,5.659170163246231e-05,1.5866726801451182e-12,1.5866726801451182e-12
5.80448594276896e+17,5.80448594276896e-05,1.5866700435247463e-12,1.5866700435247463e-12
5.953533130814395e+17,5.953533130814395e-05,1.5866673392166183e-12,1.5866673392166183e-12
6.106407542232061e+17,6.106407542232062e-05,1.5866645654834495e-12,1.5866645654834495e-12
6.263207452198705e+17,6.263207452198704e-05,1.5866617205433815e-12,1.5866617205433815e-12
6.424033659394204e+17,6.424033659394204e-05,1.5866588025688467e-12,1.5866588025688467e-12
6.588989550799956e+17,6.588989550799956e-05,1.5866558096853843e-12,1.5866558096853843e-12
6.75818116816111e+17,6.75818116816111e-05,1.5866527399704624e-12,1.5866527399704624e-12
6.9317172761554e+17,6.931717276155399e-05,1.5866495914522212e-12,1.5866495914522212e-12
7.109709432312424e+17,7.109709432312424e-05,1.5866463621082315e-12,1.5866463621082315e-12
7.292272058728298e+17,7.292272058728298e-05,1.5866430498641826e-12,1.5866430498641826e-12
7.479522515621798e+17,7.479522515621799e-05,1.586639652592554e-12,1.586639652592554e-12
7.67158117677927e+17,7.67158117677927e-05,1.5866361681112687e-12,1.5866361681112687e-12
7.868571506936876e+17,7.868571506936876e-05,1.5866325941822709e-12,1.5866325941822709e-12
8.070620141149524e+17,8.070620141149524e-05,1.586628928510112e-12,1.586628928510112e-12
8.27785696619849e+17,8.27785696619849e-05,1.5866251687404663e-12,1.5866251687404663e-12
8.490415204088755e+17,8.490415204088756e-05,1.5866213124586405e-12,1.5866213124586405e-12
8.708431497690724e+17,8.708431497690724e-05,1.5866173571880037e-12,1.5866173571880037e-12
8.932045998580959e+17,8.932045998580959e-05,1.5866133003884206e-12,1.5866133003884206e-12
9.161402457138502e+17,9.161402457138503e-05,1.5866091394546227e-12,1.5866091394546227e-12
9.396648314954671e+17,9.396648314954671e-05,1.5866048717145264e-12,1.5866048717145264e-12
9.637934799615757e+17,9.637934799615757e-05,1.5866004944275359e-12,1.5866004944275359e-12
9.885417021919613e+17,9.885417021919613e-05,1.5865960047827852e-12,1.5865960047827852e-12
1.0139254075588184e+18,0.00010139254075588184,1.5865913998973448e-12,1.5865913998973448e-12
1.0399609139541225e+18,0.00010399609139541225,1.5865866768143572e-12,1.5865866768143572e-12
1.066664958279541e+18,0.0001066664958279541,1.5865818325011724e-12,1.5865818325011724e-12
1.0940547072057435e+18,0.00010940547072057435,1.5865768638473828e-12,1.5865768638473828e-12
1.1221477682079803e+18,0.00011221477682079803,1.5865717676628516e-12,1.5865717676628516e-12
1.1509622008850312e+18,0.00011509622008850311,1.58656654067566e-12,1.58656654067566e-12
1.180516528568803e+18,0.0001180516528568803,1.5865611795300222e-12,1.5865611795300222e-12
1.2108297502320369e+18,0.00012108297502320369,1.5865556807841299e-12,1.5865556807841299e-12
1.2419213527017795e+18,0.00012419213527017795,1.5865500409079708e-12,1.5865500409079708e-12
1.2738113231864732e+18,0.0001273811323186473,1.5865442562810446e-12,1.5865442562810446e-12
1.3065201621247252e+18,0.00013065201621247254,1.586538323190077e-12,1.586538323190077e-12
1.3400688963639534e+18,0.00013400688963639533,1.5865322378266162e-12,1.5865322378266162e-12
1.3744790926775396e+18,0.00013744790926775396,1.5865259962846294e-12,1.5865259962846294e-12
1.4097728716289677e+18,0.00014097728716289676,1.5865195945579842e-12,1.5865195945579842e-12
1.4459729217920197e+18,0.00014459729217920197,1.5865130285379028e-12,1.5865130285379028e-12
1.483102514336103e+18,0.00014831025143361028,1.5865062940103326e-12,1.5865062940103326e-12
1.5211855179861018e+18,0.00015211855179861016,1.5864993866532579e-12,1.5864993866532579e-12
1.5602464143663647e+18,0.00015602464143663647,1.586492302033927e-12,1.586492302033927e-12
1.6003103137386952e+18,0.00016003103137386953,1.586485035606041e-12,1.586485035606041e-12
1.641402971144473e+18,0.00016414029711444731,1.5864775827068433e-12,1.5864775827068433e-12
1.6835508029612076e+18,0.00016835508029612074,1.5864699385541451e-12,1.5864699385541451e-12
1.7267809038843594e+18,0.00017267809038843594,1.5864620982432688e-12,1.5864620982432688e-12
1.7711210643450906e+18,0.00017711210643450907,1.5864540567439226e-12,1.5864540567439226e-12
1.8165997883753285e+18,0.00018165997883753284,1.586445808896997e-12,1.586445808896997e-12
1.8632463119315597e+18,0.00018632463119315596,1.586437349411273e-12,1.586437349411273e-12
1.9110906216891359e+18,0.0001911090621689136,1.5864286728600403e-12,1.5864286728600403e-12
1.9601634743191816e+18,0.00019601634743191814,1.5864197736776412e-12,1.5864197736776412e-12
2.0104964162604928e+18,0.00020104964162604927,1.5864106461559441e-12,1.5864106461559441e-12
2.062121803999136e+18,0.0002062121803999136,1.5864012844406605e-12,1.5864012844406605e-12
2.1150728248687862e+18,0.0002115072824868786,1.586391682527676e-12,1.586391682527676e-12
2.169383518385191e+18,0.00021693835183851908,1.5863818342591728e-12,1.5863818342591728e-12
2.225088798128374e+18,0.0002225088798128374,1.5863717333197416e-12,1.5863717333197416e-12
2.282224474186901e+18,0.0002282224474186901,1.5863613732323422e-12,1.5863613732323422e-12
2.3408272761782943e+18,0.00023408272761782942,1.5863507473542077e-12,1.5863507473542077e-12
2.400934876860652e+18,0.0002400934876860652,1.586339848872588e-12,1.586339848872588e-12
2.4625859163505444e+18,0.00024625859163505444,1.5863286708004236e-12,1.5863286708004236e-12
2.5258200269627796e+18,0.000252582002696278,1.586317205971933e-12,1.586317205971933e-12
2.590677858688001e+18,0.0002590677858688001,1.5863054470380182e-12,1.5863054470380182e-12
2.657201105324496e+18,0.00026572011053244956,1.5862933864616054e-12,1.5862933864616054e-12
2.725432531281039e+18,0.0002725432531281039,1.5862810165128736e-12,1.5862810165128736e-12
2.795415999067865e+18,0.00027954159990678653,1.586268329264329e-12,1.586268329264329e-12
2.8671964974937754e+18,0.0002867196497493775,1.5862553165857743e-12,1.5862553165857743e-12
2.940820170587067e+18,0.0002940820170587067,1.5862419701391548e-12,1.5862419701391548e-12
3.0163343472591974e+18,0.00030163343472591975,1.5862282813732521e-12,1.5862282813732521e-12
3.0937875717301366e+18,0.00030937875717301365,1.586214241518285e-12,1.586214241518285e-12
3.173229634734973e+18,0.0003173229634734973,1.5861998415803262e-12,1.5861998415803262e-12
3.2547116055318415e+18,0.00032547116055318417,1.5861850723356106e-12,1.5861850723356106e-12
3.338285864731751e+18,0.0003338285864731751,1.5861699243246965e-12,1.5861699243246965e-12
3.4240061379714396e+18,0.00034240061379714394,1.5861543878464614e-12,1.5861543878464614e-12
3.5119275304507136e+18,0.00035119275304507135,1.5861384529519762e-12,1.5861384529519762e-12
3.602106562357081e+18,0.0003602106562357081,1.5861221094381927e-12,1.5861221094381927e-12
3.69460120519931e+18,0.000369460120519931,1.5861053468414972e-12,1.5861053468414972e-12
3.7894709190746716e+18,0.0003789470919074672,1.5860881544310958e-12,1.5860881544310958e-12
3.886776690892668e+18,0.00038867766908926677,1.586070521202217e-12,1.586070521202217e-12
3.9865810735804385e+18,0.00039865810735804387,1.5860524358691903e-12,1.5860524358691903e-12
4.088948226294856e+18,0.0004088948226294856,1.5860338868582776e-12,1.5860338868582776e-12
4.1939439556671775e+18,0.00041939439556671774,1.5860148623004065e-12,1.5860148623004065e-12
4.3016357581067817e+18,0.00043016357581067817,1.585995350023646e-12,1.585995350023646e-12
4.412092863191172e+18,0.0004412092863191172,1.5859753375455666e-12,1.5859753375455666e-12
4.525386278170185e+18,0.00045253862781701853,1.5859548120653332e-12,1.5859548120653332e-12
4.641588833612792e+18,0.0004641588833612792,1.585933760455678e-12,1.585933760455678e-12
4.760775230226378e+18,0.0004760775230226378,1.5859121692546122e-12,1.5859121692546122e-12
4.883022086877884e+18,0.0004883022086877884,1.585890024656955e-12,1.585890024656955e-12
5.008407989848212e+18,0.0005008407989848212,1.5858673125056619e-12,1.5858673125056619e-12
5.137013543351339e+18,0.0005137013543351339,1.5858440182829113e-12,1.5858440182829113e-12
5.268921421350666e+18,0.0005268921421350666,1.5858201271009978e-12,1.5858201271009978e-12
5.404216420705904e+18,0.0005404216420705904,1.5857956236929703e-12,1.5857956236929703e-12
5.542985515684652e+18,0.0005542985515684652,1.5857704924030584e-12,1.5857704924030584e-12
5.685317913873777e+18,0.0005685317913873777,1.5857447171768581e-12,1.5857447171768581e-12
5.831305113526242e+18,0.0005831305113526243,1.5857182815512707e-12,1.5857182815512707e-12
5.981040962380957e+18,0.0005981040962380956,1.5856911686441707e-12,1.5856911686441707e-12
6.134621717992519e+18,0.0006134621717992519,1.5856633611438837e-12,1.5856633611438837e-12
6.292146109610351e+18,0.000629214610961035,1.5856348412983113e-12,1.5856348412983113e-12
6.453715401646702e+18,0.0006453715401646702,1.5856055909038634e-12,1.5856055909038634e-12
6.619433458774388e+18,0.0006619433458774388,1.5855755912940922e-12,1.5855755912940922e-12
6.789406812696099e+18,0.0006789406812696099,1.5855448233280215e-12,1.5855448233280215e-12
6.963744730628208e+18,0.0006963744730628207,1.5855132673782363e-12,1.5855132673782363e-12
7.142559285543105e+18,0.0007142559285543105,1.5854809033186372e-12,1.5854809033186372e-12
7.3259654282152e+18,0.00073259654282152,1.5854477105119107e-12,1.5854477105119107e-12
7.514081061116993e+18,0.0007514081061116992,1.5854136677967084e-12,1.5854136677967084e-12
7.707027114212319e+18,0.0007707027114212319,1.5853787534744679e-12,1.5853787534744679e-12
7.904927622696437e+18,0.0007904927622696436,1.585342945295965e-12,1.585342945295965e-12
8.107909806731695e+18,0.0008107909806731696,1.5853062204474902e-12,1.5853062204474902e-12
8.316104153230962e+18,0.0008316104153230962,1.5852685555367297e-12,1.5852685555367297e-12
8.529644499741016e+18,0.0008529644499741016,1.5852299265782483e-12,1.5852299265782483e-12
8.748668120479897e+18,0.0008748668120479897,1.585190308978687e-12,1.585190308978687e-12
8.973315814583502e+18,0.0008973315814583501,1.5851496775215427e-12,1.5851496775215427e-12
9.203731996618193e+18,0.0009203731996618192,1.5851080063515988e-12,1.5851080063515988e-12
9.440064789417642e+18,0.0009440064789417642,1.5850652689589971e-12,1.5850652689589971e-12
9.682466119303154e+18,0.0009682466119303154,1.5850214381628825e-12,1.5850214381628825e-12
9.931091813749821e+18,0.0009931091813749821,1.5849764860947096e-12,1.5849764860947096e-12
1.0186101701559773e+19,0.0010186101701559773,1.5849303841810693e-12,1.5849303841810693e-12
1.0447659715608052e+19,0.0010447659715608051,1.5848831031261993e-12,1.5848831031261993e-12
1.071593399822671e+19,0.001071593399822671,1.5848346128939693e-12,1.5848346128939693e-12
1.099109700929496e+19,0.0010991097009294961,1.5847848826895257e-12,1.5847848826895257e-12
1.1273325637104849e+19,0.001127332563710485,1.5847338809404388e-12,1.5847338809404388e-12
1.156280131207373e+19,0.001156280131207373,1.5846815752774136e-12,1.5846815752774136e-12
1.1859710123376755e+19,0.0011859710123376754,1.584627932514556e-12,1.584627932514556e-12
1.216424293857363e+19,0.001216424293857363,1.5845729186291551e-12,1.5845729186291551e-12
1.2476595526308735e+19,0.0012476595526308735,1.5845164987409735e-12,1.5845164987409735e-12
1.2796968682159442e+19,0.001279696868215944,1.5844586370910785e-12,1.5844586370910785e-12
1.3125568357718454e+19,0.0013125568357718455,1.584399297020143e-12,1.584399297020143e-12
1.346260579298911e+19,0.001346260579298911,1.5843384409462535e-12,1.5843384409462535e-12
1.3808297652180922e+19,0.0013808297652180923,1.5842760303421785e-12,1.5842760303421785e-12
1.4162866162991974e+19,0.0014162866162991975,1.5842120257121247e-12,1.5842120257121247e-12
1.4526539259467782e+19,0.0014526539259467782,1.5841463865679187e-12,1.5841463865679187e-12
1.4899550728528507e+19,0.0014899550728528508,1.5840790714046717e-12,1.5840790714046717e-12
1.5282140360258646e+19,0.0015282140360258645,1.5840100376758357e-12,1.5840100376758357e-12
1.5674554102056014e+19,0.0015674554102056014,1.5839392417677125e-12,1.5839392417677125e-12
1.6077044216738154e+19,0.0016077044216738154,1.5838666389733489e-12,1.5838666389733489e-12
1.6489869444710683e+19,0.0016489869444710683,1.5837921834658453e-12,1.5837921834658453e-12
1.6913295170296504e+19,0.0016913295170296505,1.5837158282710401e-12,1.5837158282710401e-12
1.7347593592339325e+19,0.0017347593592339325,1.5836375252395745e-12,1.5836375252395745e-12
1.7793043899185773e+19,0.0017793043899185772,1.583557225018307e-12,1.583557225018307e-12
1.8249932448161505e+19,0.0018249932448161504,1.5834748770210738e-12,1.5834748770210738e-12
1.8718552949655753e+19,0.0018718552949655754,1.58339042939882e-12,1.58339042939882e-12
1.919920665593279e+19,0.001919920665593279,1.5833038290089966e-12,1.5833038290089966e-12
1.9692202554791817e+19,0.001969220255479182,1.5832150213843046e-12,1.5832150213843046e-12
2.01978575681987e+19,0.0020197857568198703,1.5831239507007422e-12,1.5831239507007422e-12
2.0716496756020752e+19,0.002071649675602075,1.583030559744911e-12,1.583030559744911e-12
2.124845352498887e+19,0.002124845352498887,1.5829347898806011e-12,1.5829347898806011e-12
2.179406984302958e+19,0.002179406984302958,1.5828365810146439e-12,1.5828365810146439e-12
2.2353696459097965e+19,0.0022353696459097966,1.5827358715620064e-12,1.5827358715620064e-12
2.2927693128656486e+19,0.002292769312865649,1.5826325984100997e-12,1.5826325984100997e-12
2.3516428844943462e+19,0.0023516428844943464,1.5825266968823335e-12,1.5825266968823335e-12
2.412028207618002e+19,0.0024120282076180023,1.582418100700858e-12,1.582418100700858e-12
2.4739641008868065e+19,0.0024739641008868067,1.5823067419484977e-12,1.5823067419484977e-12
2.5374903797335613e+19,0.0025374903797335613,1.5821925510298706e-12,1.5821925510298706e-12
2.602647881969015e+19,0.002602647881969015,1.5820754566316575e-12,1.5820754566316575e-12
2.669478494034329e+19,0.0026694784940343294,1.581955385682057e-12,1.581955385682057e-12
2.738025177927863e+19,0.0027380251779278632,1.5818322633093298e-12,1.5818322633093298e-12
2.8083319988231754e+19,0.0028083319988231755,1.58170601279951e-12,1.58170601279951e-12
2.8804441533962977e+19,0.0028804441533962976,1.5815765555532086e-12,1.5815765555532086e-12
2.9544079988803797e+19,0.0029544079988803795,1.5814438110415384e-12,1.5814438110415384e-12
3.030271082866393e+19,0.003030271082866393,1.5813076967610793e-12,1.5813076967610793e-12
3.1080821738690576e+19,0.0031080821738690575,1.5811681281879766e-12,1.5811681281879766e-12
3.187891292677636e+19,0.003187891292677636,1.5810250187310586e-12,1.5810250187310586e-12
3.2697497445117813e+19,0.0032697497445117814,1.5808782796840367e-12,1.5808782796840367e-12
3.353710152002915e+19,0.0033537101520029152,1.5807278201767054e-12,1.5807278201767054e-12
3.439826489022935e+19,0.003439826489022935,1.580573547125214e-12,1.580573547125214e-12
3.5281541153808904e+19,0.0035281541153808905,1.5804153651813237e-12,1.5804153651813237e-12
3.6187498124112843e+19,0.003618749812411284,1.5802531766806816e-12,1.5802531766806816e-12
3.7116718194757665e+19,0.0037116718194757665,1.580086881590086e-12,1.580086881590086e-12
3.806979871402284e+19,0.003806979871402284,1.5799163774537527e-12,1.5799163774537527e-12
3.904735236885556e+19,0.0039047352368855558,1.579741559338533e-12,1.579741559338533e-12
4.0050007578736026e+19,0.004005000757873602,1.579562319778112e-12,1.579562319778112e-12
4.107840889965634e+19,0.004107840889965634,1.5793785487161869e-12,1.5793785487161869e-12
4.213321743847272e+19,0.004213321743847272,1.5791901334485594e-12,1.5791901334485594e-12
4.321511127789779e+19,0.00432151112778978,1.5789969585642057e-12,1.5789969585642057e-12
4.43247859124041e+19,0.00443247859124041,1.5787989058852641e-12,1.5787989058852641e-12
4.546295469532409e+19,0.004546295469532409,1.5785958544059957e-12,1.5785958544059957e-12
4.663034929742736e+19,0.004663034929742736,1.5783876802306146e-12,1.5783876802306146e-12
4.7827720177274855e+19,0.0047827720177274855,1.5781742565101172e-12,1.5781742565101172e-12
4.905583706365045e+19,0.004905583706365045,1.5779554533779854e-12,1.5779554533779854e-12
5.031548945038046e+19,0.005031548945038046,1.5777311378848454e-12,1.5777311378848454e-12
5.160748710385897e+19,0.0051607487103858965,1.577501173932043e-12,1.577501173932043e-12
5.293266058360545e+19,0.005293266058360545,1.5772654222041336e-12,1.5772654222041336e-12
5.429186177618965e+19,0.0054291861776189655,1.5770237401003477e-12,1.5770237401003477e-12
5.568596444286386e+19,0.005568596444286386,1.5767759816649306e-12,1.5767759816649306e-12
5.711586478126446e+19,0.005711586478126446,1.576521997516496e-12,1.576521997516496e-12
5.858248200152548e+19,0.005858248200152548,1.5762616347762622e-12,1.5762616347762622e-12
6.008675891719693e+19,0.0060086758917196935,1.5759947369953026e-12,1.5759947369953026e-12
6.162966255132942e+19,0.006162966255132942,1.575721144080742e-12,1.575721144080742e-12
6.321218475812449e+19,0.0063212184758124484,1.5754406922209473e-12,1.5754406922209473e-12
6.483534286054714e+19,0.006483534286054714,1.5751532138097325e-12,1.5751532138097325e-12
6.650018030431105e+19,0.006650018030431105,1.5748585373695645e-12,1.5748585373695645e-12
6.820776732865665e+19,0.006820776732865665,1.574556487473823e-12,1.574556487473823e-12
6.995920165435346e+19,0.006995920165435346,1.5742468846681513e-12,1.5742468846681513e-12
7.17556091893695e+19,0.00717556091893695,1.5739295453908556e-12,1.5739295453908556e-12
7.359814475265786e+19,0.007359814475265786,1.5736042818924581e-12,1.5736042818924581e-12
7.548799281653447e+19,0.007548799281653447,1.5732709021544088e-12,1.5732709021544088e-12
7.742636826811277e+19,0.007742636826811277,1.5729292098069554e-12,1.5729292098069554e-12
7.94145171902934e+19,0.00794145171902934,1.5725790040462991e-12,1.5725790040462991e-12
8.145371766280738e+19,0.008145371766280737,1.5722200795509587e-12,1.5722200795509587e-12
8.354528058382854e+19,0.008354528058382854,1.5718522263975213e-12,1.5718522263975213e-12
8.56905505126833e+19,0.00856905505126833,1.5714752299757018e-12,1.5714752299757018e-12
8.789090653419928e+19,0.008789090653419929,1.5710888709028822e-12,1.5710888709028822e-12
9.014776314524954e+19,0.009014776314524953,1.5706929249380898e-12,1.5706929249380898e-12
9.246257116405696e+19,0.009246257116405697,1.5702871628955684e-12,1.5702871628955684e-12
9.483681866285947e+19,0.009483681866285947,1.5698713505579323e-12,1.5698713505579323e-12
9.727203192450558e+19,0.009727203192450557,1.5694452485890284e-12,1.5694452485890284e-12
9.976977642363211e+19,0.009976977642363211,1.5690086124465857e-12,1.5690086124465857e-12
1.0233165783302449e+20,0.01023316578330245,1.5685611922946773e-12,1.5685611922946773e-12
1.0495932305582267e+20,0.010495932305582267,1.5681027329161899e-12,1.5681027329161899e-12
1.0765446128423136e+20,0.010765446128423136,1.5676329736252902e-12,1.5676329736252902e-12
1.104188050854158e+20,0.01104188050854158,1.5671516481800671e-12,1.5671516481800671e-12
1.1325413151528174e+20,0.011325413151528173,1.5666584846954187e-12,1.5666584846954187e-12
1.1616226326084972e+20,0.011616226326084972,1.5661532055563392e-12,1.5661532055563392e-12
1.1914506981197796e+20,0.011914506981197797,1.5656355273316883e-12,1.5656355273316883e-12
1.2220446866314912e+20,0.012220446866314912,1.5651051606886021e-12,1.5651051606886021e-12
1.253424265461402e+20,0.01253424265461402,1.5645618103076705e-12,1.5645618103076705e-12
1.2856096069432964e+20,0.012856096069432964,1.5640051747990748e-12,1.5640051747990748e-12
1.3186214013947485e+20,0.013186214013947484,1.5634349466197682e-12,1.5634349466197682e-12
1.352480870417874e+20,0.013524808704178739,1.5628508119919231e-12,1.5628508119919231e-12
1.3872097805416181e+20,0.013872097805416182,1.5622524508227946e-12,1.5622524508227946e-12
1.422830457214349e+20,0.01422830457214349,1.5616395366262312e-12,1.5616395366262312e-12
1.4593657991557516e+20,0.014593657991557516,1.5610117364459296e-12,1.5610117364459296e-12
1.4968392930772615e+20,0.014968392930772616,1.5603687107807619e-12,1.5603687107807619e-12
1.5352750287804147e+20,0.015352750287804147,1.5597101135122967e-12,1.5597101135122967e-12
1.5746977146430898e+20,0.015746977146430897,1.5590355918348166e-12,1.5590355918348166e-12
1.615132693503093e+20,0.016151326935030928,1.5583447861879697e-12,1.5583447861879697e-12
1.6566059589499152e+20,0.016566059589499152,1.55763733019245e-12,1.55763733019245e-12
1.699144172034626e+20,0.01699144172034626,1.5569128505888186e-12,1.5569128505888186e-12
1.7427746784089175e+20,0.017427746784089176,1.556170967179881e-12,1.556170967179881e-12
1.787525525904232e+20,0.01787525525904232,1.5554112927767966e-12,1.5554112927767966e-12
1.833425482562285e+20,0.01833425482562285,1.55463343314928e-12,1.55463343314928e-12
1.8805040551285912e+20,0.01880504055128591,1.553836986980227e-12,1.553836986980227e-12
1.92879150802077e+20,0.0192879150802077,1.5530215458250337e-12,1.5530215458250337e-12
1.9783188827841705e+20,0.019783188827841705,1.552186694076023e-12,1.552186694076023e-12
2.0291180180466824e+20,0.020291180180466824,1.5513320089322795e-12,1.5513320089322795e-12
2.0812215699863414e+20,0.020812215699863416,1.550457060375309e-12,1.550457060375309e-12
2.1346630333242455e+20,0.021346630333242456,1.549561411150892e-12,1.549561411150892e-12
2.1894767628566207e+20,0.02189476762856621,1.5486446167575436e-12,1.5486446167575436e-12
2.2456979955397716e+20,0.022456979955397714,1.5477062254419864e-12,1.5477062254419864e-12
2.3033628731421265e+20,0.023033628731421264,1.5467457782020992e-12,1.5467457782020992e-12
2.3625084654779403e+20,0.023625084654779402,1.5457628087977802e-12,1.5457628087977802e-12
2.423172794237591e+20,0.024231727942375908,1.5447568437701663e-12,1.5447568437701663e-12
2.4853948574298086e+20,0.024853948574298085,1.5437274024697715e-12,1.5437274024697715e-12
2.549214654451431e+20,0.02549214654451431,1.5426739970939493e-12,1.5426739970939493e-12
2.6146732118010973e+20,0.026146732118010975,1.5415961327342676e-12,1.5415961327342676e-12
2.6818126094530183e+20,0.026818126094530183,1.5404933074342938e-12,1.5404933074342938e-12
2.7506760079080676e+20,0.027506760079080674,1.5393650122583729e-12,1.5393650122583729e-12
2.8213076759394707e+20,0.028213076759394707,1.538210731371922e-12,1.538210731371922e-12
2.8937530190509474e+20,0.028937530190509472,1.5370299421338627e-12,1.5370299421338627e-12
2.9680586086655964e+20,0.029680586086655966,1.5358221152017708e-12,1.5358221152017708e-12
3.0442722120642934e+20,0.030442722120642935,1.5345867146503377e-12,1.5345867146503377e-12
3.122442823092871e+20,0.03122442823092871,1.5333231981038163e-12,1.5333231981038163e-12
3.2026206936576374e+20,0.032026206936576374,1.5320310168830534e-12,1.5320310168830534e-12
3.2848573660300535e+20,0.032848573660300535,1.530709616167757e-12,1.530709616167757e-12
3.369205705980274e+20,0.033692057059802744,1.5293584351747048e-12,1.5293584351747048e-12
3.455719936762143e+20,0.03455719936762143,1.527976907352516e-12,1.527976907352516e-12
3.544455673970436e+20,0.035444556739704355,1.5265644605937268e-12,1.5265644605937268e-12
3.635469961293318e+20,0.03635469961293318,1.525120517464806e-12,1.525120517464806e-12
3.72882130718283e+20,0.0372882130718283,1.523644495454876e-12,1.523644495454876e-12
3.8245697224669915e+20,0.03824569722466992,1.5221358072437776e-12,1.5221358072437776e-12
3.9227767589277073e+20,0.039227767589277075,1.5205938609902565e-12,1.5205938609902565e-12
4.023505548869277e+20,0.040235055488692766,1.5190180606409304e-12,1.5190180606409304e-12
4.126820845702969e+20,0.041268208457029686,1.5174078062607772e-12,1.5174078062607772e-12
4.232789065573562e+20,0.04232789065573562,1.5157624943858473e-12,1.5157624943858473e-12
4.341478330055101e+20,0.04341478330055101,1.5140815183989095e-12,1.5140815183989095e-12
4.45295850994266e+20,0.0445295850994266,1.5123642689287099e-12,1.5123642689287099e-12
4.567301270168747e+20,0.045673012701687464,1.510610134273542e-12,1.510610134273542e-12
4.6845801158730455e+20,0.04684580115873046,1.5088185008498079e-12,1.5088185008498079e-12
4.8048704396551245e+20,0.04804870439655125,1.506988753666194e-12,1.506988753666194e-12
4.9282495700405033e+20,0.049282495700405035,1.5051202768241194e-12,1.5051202768241194e-12
5.054796821191225e+20,0.05054796821191225,1.503212454045046e-12,1.503212454045046e-12
5.1845935438929343e+20,0.05184593543892934,1.5012646692252333e-12,1.5012646692252333e-12
5.317723177850945e+20,0.05317723177850945,1.4992763070184513e-12,1.4992763070184513e-12
5.454271305329847e+20,0.05454271305329847,1.4972467534472221e-12,1.4972467534472221e-12
5.594325706169389e+20,0.05594325706169389,1.4951753965429358e-12,1.4951753965429358e-12
5.7379764142141394e+20,0.057379764142141396,1.4930616270153276e-12,1.4930616270153276e-12
5.88531577519145e+20,0.0588531577519145,1.4909048389516519e-12,1.4909048389516519e-12
6.036438506075864e+20,0.06036438506075865,1.4887044305457848e-12,1.4887044305457848e-12
6.191441755977835e+20,0.06191441755977835,1.4864598048575422e-12,1.4864598048575422e-12
6.350425168595949e+20,0.06350425168595948,1.4841703706022956e-12,1.4841703706022956e-12
6.513490946272783e+20,0.06513490946272783,1.481835542970947e-12,1.481835542970947e-12
6.680743915695587e+20,0.06680743915695586,1.4794547444802761e-12,1.4794547444802761e-12
6.852291595284085e+20,0.06852291595284085,1.4770274058534405e-12,1.4770274058534405e-12
7.028244264308368e+20,0.07028244264308367,1.4745529669304926e-12,1.4745529669304926e-12
7.208715033782151e+20,0.07208715033782151,1.4720308776084289e-12,1.4720308776084289e-12
7.393819919175874e+20,0.07393819919175874,1.4694605988104452e-12,1.4694605988104452e-12
7.583677914997191e+20,0.0758367791499719,1.4668416034836495e-12,1.4668416034836495e-12
7.778411071286482e+20,0.07778411071286483,1.4641733776245602e-12,1.4641733776245602e-12
7.978144572076613e+20,0.07978144572076612,1.4614554213315066e-12,1.4614554213315066e-12
8.183006815867373e+20,0.08183006815867373,1.4586872498827956e-12,1.4586872498827956e-12
8.393129498166339e+20,0.08393129498166338,1.4558683948394936e-12,1.4558683948394936e-12
8.60864769614928e+20,0.0860864769614928,1.4529984051714395e-12,1.4529984051714395e-12
8.829699955494047e+20,0.08829699955494047,1.4500768484047967e-12,1.4500768484047967e-12
9.056428379445313e+20,0.09056428379445312,1.4471033117895131e-12,1.4471033117895131e-12
9.288978720164517e+20,0.09288978720164517,1.4440774034846382e-12,1.4440774034846382e-12
9.5275004724273e+20,0.095275004724273,1.440998753759266e-12,1.440998753759266e-12
9.772146969725724e+20,0.09772146969725724,1.4378670162068485e-12,1.4378670162068485e-12
1.0023075482838644e+21,0.10023075482838643,1.4346818689700936e-12,1.4346818689700936e-12
1.0280447320933077e+21,0.10280447320933077,1.4314430159736894e-12,1.4314430159736894e-12
1.0544427935261663e+21,0.10544427935261663,1.428150188161776e-12,1.428150188161776e-12
1.0815187025522937e+21,0.10815187025522938,1.4248031447367372e-12,1.4248031447367372e-12
1.1092898648952182e+21,0.11092898648952182,1.4214016743958733e-12,1.4214016743958733e-12
1.1377741332214949e+21,0.11377741332214948,1.417945596562001e-12,1.417945596562001e-12
1.1669898186171499e+21,0.116698981861715,1.4144347626040289e-12,1.4144347626040289e-12
1.1969557023590452e+21,0.11969557023590452,1.4108690570430835e-12,1.4108690570430835e-12
1.2276910479883604e+21,0.12276910479883604,1.4072483987397374e-12,1.4072483987397374e-12
1.259215613694151e+21,0.1259215613694151,1.4035727420574293e-12,1.4035727420574293e-12
1.2915496650148828e+21,0.12915496650148828,1.3998420779970882e-12,1.3998420779970882e-12
1.3247139878661147e+21,0.13247139878661146,1.3960564352976916e-12,1.3960564352976916e-12
1.3587299019027065e+21,0.13587299019027066,1.392215881497244e-12,1.392215881497244e-12
1.3936192742241377e+21,0.13936192742241377,1.3883205239484699e-12,1.3883205239484699e-12
1.429404533431767e+21,0.14294045334317668,1.3843705107833641e-12,1.3843705107833641e-12
1.466108684046977e+21,0.1466108684046977,1.38036603182048e-12,1.38036603182048e-12
1.5037553212997414e+21,0.15037553212997415,1.376307319408772e-12,1.376307319408772e-12
1.5423686462966305e+21,0.15423686462966305,1.37219464920161e-12,1.37219464920161e-12
1.5819734815786014e+21,0.15819734815786013,1.368028340854499e-12,1.368028340854499e-12
1.6225952870780872e+21,0.16225952870780871,1.3638087586399785e-12,1.3638087586399785e-12
1.664260176485902e+21,0.1664260176485902,1.3595363119731235e-12,1.3595363119731235e-12
1.7069949340384045e+21,0.17069949340384044,1.3552114558410225e-12,1.3552114558410225e-12
1.7508270317357197e+21,0.17508270317357197,1.3508346911297223e-12,1.3508346911297223e-12
1.7957846470021043e+21,0.17957846470021044,1.3464065648421219e-12,1.3464065648421219e-12
1.8418966807997034e+21,0.18418966807997034,1.3419276702004824e-12,1.3419276702004824e-12
1.889192776207672e+21,0.1889192776207672,1.3373986466273425e-12,1.3373986466273425e-12
1.937703337477993e+21,0.19377033374779928,1.332820179598937e-12,1.332820179598937e-12
1.987459549580986e+21,0.1987459549580986,1.3281930003653573e-12,1.3281930003653573e-12
2.038493398252464e+21,0.20384933982524642,1.3235178855322044e-12,1.3235178855322044e-12
2.09083769055575e+21,0.209083769055575,1.3187956564987482e-12,1.3187956564987482e-12
2.1445260759716654e+21,0.21445260759716653,1.3140271787481537e-12,1.3140271787481537e-12
2.1995930680300704e+21,0.21995930680300704,1.3092133609858079e-12,1.3092133609858079e-12
2.2560740664968544e+21,0.22560740664968545,1.3043551541224722e-12,1.3043551541224722e-12
2.3140053801306447e+21,0.23140053801306446,1.2994535500994825e-12,1.2994535500994825e-12
2.373424250023876e+21,0.23734242500238759,1.2945095805541614e-12,1.2945095805541614e-12
2.434368873543098e+21,0.24343688735430982,1.289524315324251e-12,1.289524315324251e-12
2.4968784288843317e+21,0.24968784288843315,1.2844988607910184e-12,1.2844988607910184e-12
2.560993100258462e+21,0.2560993100258462,1.2794343580618028e-12,1.2794343580618028e-12
2.6267541037238384e+21,0.26267541037238384,1.2743319809935092e-12,1.2743319809935092e-12
2.694203713681882e+21,0.2694203713681882,1.2691929340597749e-12,1.2691929340597749e-12
2.763385290053167e+21,0.2763385290053167,1.264018450065514e-12,1.264018450065514e-12
2.8343433061513036e+21,0.28343433061513035,1.258809787713782e-12,1.258809787713782e-12
2.9071233772725695e+21,0.29071233772725696,1.2535682290309114e-12,1.2535682290309114e-12
2.981772290019686e+21,0.2981772290019686,1.2482950766572776e-12,1.2482950766572776e-12
3.058338032378419e+21,0.30583380323784193,1.2429916510120285e-12,1.2429916510120285e-12
3.136869824566886e+21,0.31368698245668863,1.2376592873415618e-12,1.2376592873415618e-12
3.217418150676378e+21,0.3217418150676378,1.2322993326625897e-12,1.2322993326625897e-12
3.3000347911252885e+21,0.33000347911252886,1.2269131426118739e-12,1.2269131426118739e-12
3.384772855945983e+21,0.33847728559459833,1.2215020782159417e-12,1.2215020782159417e-12
3.471686818926559e+21,0.34716868189265593,1.2160675025951205e-12,1.2160675025951205e-12
3.5608325526292744e+21,0.35608325526292745,1.2106107776173855e-12,1.2106107776173855e-12
3.652267364308168e+21,0.36522673643081677,1.205133260518431e-12,1.205133260518431e-12
3.7460500327489816e+21,0.37460500327489815,1.1996363005053106e-12,1.1996363005053106e-12
3.8422408460550453e+21,0.38422408460550456,1.1941212353617824e-12,1.1941212353617824e-12
3.9409016404034637e+21,0.39409016404034636,1.1885893880741414e-12,1.1885893880741414e-12
4.0420958397963184e+21,0.40420958397963186,1.1830420634968507e-12,1.1830420634968507e-12
4.1458884968329196e+21,0.41458884968329196,1.1774805450776593e-12,1.1774805450776593e-12
4.2523463345286865e+21,0.42523463345286866,1.1719060916620923e-12,1.1719060916620923e-12
4.3615377892080054e+21,0.43615377892080054,1.1663199343972318e-12,1.1663199343972318e-12
4.4735330544984633e+21,0.4473533054498463,1.1607232737545043e-12,1.1607232737545043e-12
4.588404126454752e+21,0.4588404126454752,1.155117276690839e-12,1.155117276690839e-12
4.706224849841272e+21,0.4706224849841272,1.1495030739669732e-12,1.1495030739669732e-12
4.827070965603169e+21,0.48270709656031685,1.1438817576408914e-12,1.1438817576408914e-12
4.951020159556371e+21,0.49510201595563713,1.1382543787533181e-12,1.1382543787533181e-12
5.07815211232765e+21,0.507815211232765,1.1326219452210876e-12,1.1326219452210876e-12
5.208548550577677e+21,0.5208548550577676,1.1269854199525736e-12,1.1269854199525736e-12
5.342293299538363e+21,0.5342293299538363,1.1213457191979813e-12,1.1213457191979813e-12
5.479472336900293e+21,0.5479472336900293,1.1157037111452332e-12,1.1157037111452332e-12
5.620173848083188e+21,0.5620173848083189,1.1100602147703621e-12,1.1100602147703621e-12
5.764488282925873e+21,0.5764488282925874,1.1044159989490985e-12,1.1044159989490985e-12
5.912508413831869e+21,0.5912508413831868,1.098771781834093e-12,1.098771781834093e-12
6.06432939540805e+21,0.6064329395408049,1.0931282304998164e-12,1.0931282304998164e-12
6.220048825634693e+21,0.6220048825634693,1.0874859608547135e-12,1.0874859608547135e-12
6.379766808606257e+21,0.6379766808606256,1.0818455378177829e-12,1.0818455378177829e-12
6.543586018883256e+21,0.6543586018883256,1.0762074757541398e-12,1.0762074757541398e-12
6.711611767496301e+21,0.67116117674963,1.070572239161733e-12,1.070572239161733e-12
6.88395206964551e+21,0.688395206964551,1.0649402435989921e-12,1.0649402435989921e-12
7.060717714137781e+21,0.7060717714137781,1.0593118568408375e-12,1.0593118568408375e-12
7.242022334607315e+21,0.7242022334607315,1.053687400248438e-12,1.053687400248438e-12
7.427982482564911e+21,0.7427982482564911,1.0480671503360199e-12,1.0480671503360199e-12
7.618717702322984e+21,0.7618717702322984,1.0424513405164088e-12,1.0424513405164088e-12
7.814350607844527e+21,0.7814350607844527,1.0368401630054327e-12,1.0368401630054327e-12
8.01500696156538e+21,0.8015006961565381,1.0312337708640432e-12,1.0312337708640432e-12
8.220815755240575e+21,0.8220815755240575,1.0256322801562354e-12,1.0256322801562354e-12
8.431909292866217e+21,0.8431909292866216,1.0200357722000869e-12,1.0200357722000869e-12
8.648423275731745e+21,0.8648423275731745,1.0144442958890312e-12,1.0144442958890312e-12
8.870496889654421e+21,0.8870496889654421,1.0088578700605936e-12,1.0088578700605936e-12
9.098272894455568e+21,0.9098272894455568,1.0032764858900567e-12,1.0032764858900567e-12
9.331897715733238e+21,0.9331897715733238,9.977001092874215e-13,9.977001092874215e-13
9.571521538991856e+21,0.9571521538991856,9.921286832768885e-13,9.921286832768885e-13
9.817298406188822e+21,0.9817298406188821,9.865621303395007e-13,9.865621303395007e-13
1.006938631476025e+22,1.006938631476025,9.810003547011255e-13,9.810003547011255e-13
1.0327947319189566e+22,1.0327947319189565,9.754432445496962e-13,9.754432445496962e-13
1.0593147635183657e+22,1.0593147635183657,9.69890674167731e-13,9.69890674167731e-13
1.0865157746525416e+22,1.0865157746525416,9.643425059680824e-13,9.643425059680824e-13
1.1144152514667905e+22,1.1144152514667904,9.587985924232888e-13,9.587985924232888e-13
1.143031129114481e+22,1.143031129114481,9.53258777880964e-13,9.53258777880964e-13
1.1723818032865997e+22,1.1723818032865996,9.477229002600449e-13,9.477229002600449e-13
1.2024861420374123e+22,1.2024861420374122,9.42190792624851e-13,9.42190792624851e-13
1.2333634979137747e+22,1.2333634979137746,9.366622846360195e-13,9.366622846360195e-13
1.2650337203959011e+22,1.2650337203959012,9.311372038793749e-13,9.311372038793749e-13
1.2975171686575842e+22,1.2975171686575842,9.256153770755143e-13,9.256153770755143e-13
1.3308347246540707e+22,1.3308347246540706,9.20096631174511e-13,9.20096631174511e-13
1.3650078065460194e+22,1.3650078065460194,9.145807943414622e-13,9.145807943414622e-13
1.4000583824680904e+22,1.4000583824680903,9.090676968396391e-13,9.090676968396391e-13
1.4360089846512636e+22,1.4360089846512636,9.035571718188724e-13,9.035571718188724e-13
1.4728827239075047e+22,1.4728827239075046,8.980490560173217e-13,8.980490560173217e-13
1.5107033044866556e+22,1.5107033044866556,8.92543190384998e-13,8.92543190384998e-13
1.5494950393146316e+22,1.5494950393146316,8.870394206375312e-13,8.870394206375312e-13
1.5892828656229763e+22,1.5892828656229763,8.815375977483417e-13,8.815375977483417e-13
1.6300923609797378e+22,1.6300923609797378,8.760375783870662e-13,8.760375783870662e-13
1.6719497597319849e+22,1.6719497597319848,8.705392253113478e-13,8.705392253113478e-13
1.714881969870548e+22,1.714881969870548,8.650424077184746e-13,8.650424077184746e-13
1.7589165903277254e+22,1.7589165903277253,8.59547001562386e-13,8.59547001562386e-13
1.8040819287193882e+22,1.8040819287193883,8.540528898406307e-13,8.540528898406307e-13
1.8504070195423058e+22,1.850407019542306,8.485599628549978e-13,8.485599628549978e-13
1.8979216428391033e+22,1.8979216428391033,8.430681184483348e-13,8.430681184483348e-13
1.9466563433422633e+22,1.9466563433422632,8.375772622193878e-13,8.375772622193878e-13
1.9966424501097933e+22,1.9966424501097932,8.320873077164071e-13,8.320873077164071e-13
2.0479120966650834e+22,2.0479120966650832,8.265981766096057e-13,8.265981766096057e-13
2.100498241653911e+22,2.100498241653911,8.211097988417973e-13,8.211097988417973e-13
2.154434690031878e+22,2.154434690031878,8.156221127561287e-13,8.156221127561287e-13
2.209756114795894e+22,2.209756114795894,8.101350651992725e-13,8.101350651992725e-13
2.266498079273702e+22,2.266498079273702,8.046486115983429e-13,8.046486115983429e-13
2.324697059985636e+22,2.324697059985636,7.991627160096595e-13,7.991627160096595e-13
2.3843904700937256e+22,2.3843904700937255,7.936773511374898e-13,7.936773511374898e-13
2.4456166834524492e+22,2.445616683452449,7.881924983212496e-13,7.881924983212496e-13
2.508415059277541e+22,2.508415059277541,7.827081474897744e-13,7.827081474897744e-13
2.5728259674479322e+22,2.5728259674479323,7.772242970818668e-13,7.772242970818668e-13
2.6388908144575077e+22,2.6388908144575076,7.717409539327699e-13,7.717409539327699e-13
2.7066520700332357e+22,2.7066520700332357,7.662581331268044e-13,7.662581331268044e-13
2.7761532944367923e+22,2.776153294436792,7.607758578170525e-13,7.607758578170525e-13
2.8474391664672595e+22,2.8474391664672596,7.552941590136074e-13,7.552941590136074e-13
2.920555512182733e+22,2.920555512182733,7.498130753425672e-13,7.498130753425672e-13
2.9955493343598224e+22,2.9955493343598225,7.443326527784824e-13,7.443326527784824e-13
3.0724688427090096e+22,3.0724688427090094,7.388529443536617e-13,7.388529443536617e-13
3.1513634848664824e+22,3.1513634848664824,7.333740098480572e-13,7.333740098480572e-13
3.2322839781813806e+22,3.2322839781813806,7.278959154639901e-13,7.278959154639901e-13
3.315282342319423e+22,3.3152823423194233,7.224187334901865e-13,7.224187334901865e-13
3.4004119327037024e+22,3.4004119327037023,7.169425419597987e-13,7.169425419597987e-13
3.4877274748141703e+22,3.4877274748141702,7.114674243071836e-13,7.114674243071836e-13
3.5772850993678625e+22,3.5772850993678627,7.059934690280922e-13,7.059934690280922e-13
3.669142378402479e+22,3.669142378402479,7.005207693478312e-13,7.005207693478312e-13
3.7633583622865482e+22,3.763358362286548,6.9504942290161e-13,6.9504942290161e-13
3.859993617679779e+22,3.859993617679779,6.895795314309527e-13,6.895795314309527e-13
3.959110266468467e+22,3.959110266468467,6.841112004995257e-13,6.841112004995257e-13
4.06077202570037e+22,4.06077202570037,6.786445392312672e-13,6.786445392312672e-13
4.165044248545185e+22,4.165044248545185,6.731796600730132e-13,6.731796600730132e-13
4.271993966306777e+22,4.271993966306777,6.677166785832269e-13,6.677166785832269e-13
4.3816899315141855e+22,4.3816899315141855,6.62255713247762e-13,6.62255713247762e-13
4.494202662119133e+22,4.494202662119132,6.567968853229372e-13,6.567968853229372e-13
4.60960448682842e+22,4.609604486828419,6.51340318705549e-13,6.51340318705549e-13
4.7279695916004104e+22,4.72796959160041,6.458861398288586e-13,6.458861398288586e-13
4.849374067335213e+22,4.849374067335213,6.404344775830563e-13,6.404344775830563e-13
4.973895958790078e+22,4.973895958790077,6.34985463258161e-13,6.34985463258161e-13
5.101615314749844e+22,5.101615314749845,6.295392305070601e-13,6.295392305070601e-13
5.232614239486667e+22,5.232614239486667,6.240959153258643e-13,6.240959153258643e-13
5.366976945540476e+22,5.366976945540475,6.186556560487666e-13,6.186556560487666e-13
5.5047898078549675e+22,5.5047898078549675,6.13218593354285e-13,6.13218593354285e-13
5.646141419303661e+22,5.64614141930366,6.077848702798414e-13,6.077848702798414e-13
5.7911226476417465e+22,5.791122647641746,6.023546322416533e-13,6.023546322416533e-13
5.939826693920338e+22,5.939826693920338,5.969280270570731e-13,5.969280270570731e-13
6.092349152400687e+22,6.092349152400687,5.915052049666964e-13,5.915052049666964e-13
6.248788072006914e+22,6.2487880720069136,5.860863186539308e-13,5.860863186539308e-13
6.40924401935647e+22,6.40924401935647,5.806715232599736e-13,5.806715232599736e-13
6.573820143409599e+22,6.573820143409599,5.752609763925976e-13,5.752609763925976e-13
6.742622241778349e+22,6.742622241778349,5.698548381275635e-13,5.698548381275635e-13
6.915758828738525e+22,6.915758828738525,5.6445327100191e-13,5.6445327100191e-13
7.093341204987989e+22,7.093341204987989,5.590564399988357e-13,5.590564399988357e-13
7.275483529196218e+22,7.275483529196218,5.536645125243388e-13,5.536645125243388e-13
7.462302891391093e+22,7.462302891391093,5.482776583762136e-13,5.482776583762136e-13
7.653919388230125e+22,7.653919388230125,5.428960497064024e-13,5.428960497064024e-13
7.850456200204542e+22,7.850456200204542,5.375198609780767e-13,5.375198609780767e-13
8.052039670825436e+22,8.052039670825437,5.321492689191723e-13,5.321492689191723e-13
8.258799387844289e+22,8.25879938784429,5.267844524742742e-13,5.267844524742742e-13
8.470868266557419e+22,8.470868266557419,5.214255927571345e-13,5.214255927571345e-13
8.688382635251194e+22,8.688382635251195,5.160728730060368e-13,5.160728730060368e-13
8.911482322840201e+22,8.9114823228402,5.107264785444959e-13,5.107264785444959e-13
9.140310748756223e+22,9.140310748756223,5.053865967496656e-13,5.053865967496656e-13
9.37501501514527e+22,9.375015015145271,5.000534170308265e-13,5.000534170308265e-13
9.615746001432076e+22,9.615746001432075,4.947271308202127e-13,4.947271308202127e-13
9.862658461312872e+22,9.862658461312872,4.894079315782156e-13,4.894079315782156e-13
1.0115911122238256e+23,10.115911122238256,4.840960148148368e-13,4.840960148148368e-13
1.0375666787451891e+23,10.375666787451891,4.787915781289022e-13,4.787915781289022e-13
1.0642092440647182e+23,10.64209244064718,4.734948212663397e-13,4.734948212663397e-13
1.0915359353313933e+23,10.915359353313933,4.682059461983365e-13,4.682059461983365e-13
1.1195643194838794e+23,11.195643194838793,4.629251572200189e-13,4.629251572200189e-13
1.148312414543511e+23,11.483124145435111,4.576526610697274e-13,4.576526610697274e-13
1.1777987011971181e+23,11.777987011971181,4.5238866706878544e-13,4.5238866706878544e-13
1.2080421346773264e+23,12.080421346773264,4.471333872811912e-13,4.471333872811912e-13
1.2390621569479232e+23,12.390621569479233,4.4188703669241066e-13,4.4188703669241066e-13
1.2708787092020543e+23,12.708787092020543,4.366498334061857e-13,4.366498334061857e-13
1.3035122446815142e+23,13.035122446815143,4.3142199885794573e-13,4.3142199885794573e-13
1.3369837418249397e+23,13.369837418249396,4.2620375804341323e-13,4.2620375804341323e-13
1.3713147177539484e+23,13.713147177539485,4.209953397606389e-13,4.209953397606389e-13
1.4065272421052392e+23,14.065272421052391,4.1579697686389806e-13,4.1579697686389806e-13
1.4426439512181589e+23,14.426439512181588,4.106089065276287e-13,4.106089065276287e-13
1.4796880626863964e+23,14.796880626863963,4.054313705188702e-13,4.054313705188702e-13
1.517683390283404e+23,15.176833902834039,4.002646154766215e-13,4.002646154766215e-13
1.556654359271059e+23,15.56654359271059,3.9510889319677797e-13,3.9510889319677797e-13
1.596626022101422e+23,15.96626022101422,3.899644609214932e-13,3.899644609214932e-13
1.6376240745216957e+23,16.376240745216958,3.848315816320378e-13,3.848315816320378e-13
1.6796748720926462e+23,16.796748720926463,3.797105243445204e-13,3.797105243445204e-13
1.722805447131399e+23,17.228054471313992,3.746015644080383e-13,3.746015644080383e-13
1.767043526088936e+23,17.67043526088936,3.6950498380521356e-13,3.6950498380521356e-13
1.8124175473742396e+23,18.124175473742397,3.64421071455161e-13,3.64421071455161e-13
1.8589566796356884e+23,18.589566796356884,3.593501235193632e-13,3.593501235193632e-13
1.906690840512252e+23,19.06690840512252,3.5429244371092747e-13,3.5429244371092747e-13
1.955650715865947e+23,19.55650715865947,3.4924834360801605e-13,3.4924834360801605e-13
2.0058677795082297e+23,20.058677795082296,3.4421814297224036e-13,3.4421814297224036e-13
2.0573743134329242e+23,20.57374313432924,3.3920217007289404e-13,3.3920217007289404e-13
2.1102034285685878e+23,21.10203428568588,3.342007620178756e-13,3.342007620178756e-13
2.164389086064029e+23,21.64389086064029,3.2921426509201917e-13,3.2921426509201917e-13
2.2199661191199435e+23,22.199661191199436,3.242430351035073e-13,3.242430351035073e-13
2.2769702553816845e+23,22.769702553816845,3.1928743773865406e-13,3.1928743773865406e-13
2.3354381399064818e+23,23.354381399064817,3.1434784892527634e-13,3.1434784892527634e-13
2.3954073587208794e+23,23.954073587208793,3.0942465520433356e-13,3.0942465520433356e-13
2.4569164629827902e+23,24.569164629827903,3.0451825410933135e-13,3.0451825410933135e-13
2.5200049937640895e+23,25.200049937640895,2.996290545524502e-13,2.996290545524502e-13
2.5847135074695585e+23,25.847135074695586,2.947574772160145e-13,2.947574772160145e-13
2.651083601908531e+23,26.51083601908531,2.899039549474441e-13,2.899039549474441e-13
2.71915794303603e+23,27.1915794303603,2.850689331554233e-13,2.850689331554233e-13
2.788980292380428e+23,27.889802923804282,2.802528702046163e-13,2.802528702046163e-13
2.8605955351757507e+23,28.60595535175751,2.7545623780583844e-13,2.7545623780583844e-13
2.9340497092157692e+23,29.34049709215769,2.706795213983508e-13,2.706795213983508e-13
3.0093900344497244e+23,30.093900344497243,2.6592322052051046e-13,2.6592322052051046e-13
3.0866649433372745e+23,30.866649433372746,2.6118784916496914e-13,2.6118784916496914e-13
3.165924111983521e+23,31.659241119835208,2.564739361142773e-13,2.564739361142773e-13
3.2472184920731254e+23,32.47218492073125,2.5178202525280775e-13,2.5178202525280775e-13
3.330600343624582e+23,33.30600343624582,2.4711267585081804e-13,2.4711267585081804e-13
3.416123268585546e+23,34.16123268585546,2.4246646281655996e-13,2.4246646281655996e-13
3.503842245290661e+23,35.03842245290661,2.3784397691249504e-13,2.3784397691249504e-13
3.59381366380464e+23,35.9381366380464,2.33245824931801e-13,2.33245824931801e-13
3.686095362172139e+23,36.86095362172139,2.2867262983172137e-13,2.2867262983172137e-13
3.780746663599357e+23,37.80746663599357,2.2412503082044015e-13,2.2412503082044015e-13
3.877828414589461e+23,38.77828414589461,2.1960368339468376e-13,2.1960368339468376e-13
3.9774030240580365e+23,39.774030240580366,2.151092593254031e-13,2.151092593254031e-13
4.079534503452449e+23,40.79534503452449,2.1064244658941935e-13,2.1064244658941935e-13
4.184288507901576e+23,41.842885079015765,2.062039492451556e-13,2.062039492451556e-13
4.291732378422149e+23,42.91732378422149,2.0179448725096924e-13,2.0179448725096924e-13
4.401935185208861e+23,44.01935185208861,1.9741479622489504e-13,1.9741479622489504e-13
4.5149677720361205e+23,45.149677720361204,1.930656271448849e-13,1.930656271448849e-13
4.630902801799718e+23,46.30902801799718,1.8874774598887021e-13,1.8874774598887021e-13
4.7498148032285144e+23,47.498148032285144,1.844619333141138e-13,1.844619333141138e-13
4.871780218794601e+23,48.717802187946006,1.802089837755323e-13,1.802089837755323e-13
4.996877453854889e+23,49.968774538548885,1.7598970558260358e-13,1.7598970558260358e-13
5.125186927053333e+23,51.25186927053333,1.7180491989465868e-13,1.7180491989465868e-13
5.2567911220184193e+23,52.56791122018419,1.676554601541621e-13,1.676554601541621e-13
5.391774640387494e+23,53.91774640387494,1.6354217135764545e-13,1.6354217135764545e-13
5.530224256192889e+23,55.30224256192889,1.5946590926376462e-13,1.5946590926376462e-13
5.6722289716445724e+23,56.72228971644572,1.554275395378509e-13,1.554275395378509e-13
5.817880074344911e+23,58.178800743449116,1.5142793683218006e-13,1.5142793683218006e-13
5.967271195973335e+23,59.67271195973335,1.4746798380098515e-13,1.4746798380098515e-13
6.120498372476665e+23,61.20498372476665,1.4354857004918337e-13,1.4354857004918337e-13
6.277660105806513e+23,62.776601058065125,1.3967059101352398e-13,1.3967059101352398e-13
6.438857427240426e+23,64.38857427240427,1.3583494677492325e-13,1.3583494677492325e-13
6.604193962330306e+23,66.04193962330305,1.3204254080054731e-13,1.3204254080054731e-13
6.773775997517745e+23,67.73775997517745,1.282942786143093e-13,1.282942786143093e-13
6.947712548460226e+23,69.47712548460225,1.2459106639443333e-13,1.2459106639443333e-13
7.12611543011179e+23,71.2611543011179,1.2093380949687007e-13,1.2093380949687007e-13
7.309099328602888e+23,73.09099328602889,1.1732341090353602e-13,1.1732341090353602e-13
7.496781874966908e+23,74.96781874966908,1.1376076959456408e-13,1.1376076959456408e-13
7.689283720758275e+23,76.89283720758274,1.1024677884414628e-13,1.1024677884414628e-13
7.886728615614171e+23,78.86728615614172,1.067823244398251e-13,1.067823244398251e-13
8.089243486805955e+23,80.89243486805955,1.0336828282568401e-13,1.0336828282568401e-13
8.296958520834915e+23,82.96958520834914,1.0000551917027608e-13,1.0000551917027608e-13
8.510007247122246e+23,85.10007247122246,9.669488536081463e-14,9.669488536081463e-14
8.728526623848371e+23,87.2852662384837,9.34372179257255e-14,9.34372179257255e-14
8.952657125996382e+23,89.52657125996383,9.023333588836462e-14,9.023333588836462e-14
9.182542835656263e+23,91.82542835656263,8.708403855543013e-14,8.708403855543013e-14
9.418331534647999e+23,94.18331534647999,8.399010324435839e-14,8.399010324435839e-14
9.660174799522606e+23,96.60174799522606,8.095228295479294e-14,8.095228295479294e-14
9.908228099003828e+23,99.08228099003829,7.797130399000619e-14,7.797130399000619e-14
1.0162650893929889e+24,101.62650893929889,7.504786353504775e-14,7.504786353504775e-14
1.0423606739764033e+24,104.23606739764034,7.218262719914664e-14,7.218262719914664e-14
1.0691263391734772e+24,106.91263391734772,6.93762265308586e-14,6.93762265308586e-14
1.0965792912678098e+24,109.65792912678099,6.662925651519152e-14,6.662925651519152e-14
1.1247371783647508e+24,112.47371783647507,6.39422730628796e-14,6.39422730628796e-14
1.1536181017364762e+24,115.36181017364761,6.131579050275287e-14,6.131579050275287e-14
1.1832406274583853e+24,118.32406274583853,5.875027908898719e-14,5.875027908898719e-14
1.213623798344237e+24,121.36237983442369,5.624616253580673e-14,5.624616253580673e-14
1.2447871461879112e+24,124.47871461879112,5.380381559293842e-14,5.380381559293842e-14
1.2767507043192592e+24,127.67507043192592,5.1423561675876535e-14,5.1423561675876535e-14
1.3095350204826704e+24,130.95350204826704,4.910567056558466e-14,4.910567056558466e-14
1.343161170046018e+24,134.3161170046018,4.6850356192940366e-14,4.6850356192940366e-14
1.377650769549055e+24,137.7650769549055,4.4657774523637967e-14,4.4657774523637967e-14
1.4130259905995338e+24,141.30259905995337,4.2528021559753534e-14,4.2528021559753534e-14
1.449309574126215e+24,144.9309574126215,4.0461131474431125e-14,4.0461131474431125e-14
1.486524844997854e+24,148.6524844997854,3.845707489635749e-14,3.845707489635749e-14
1.52469572701757e+24,152.469572701757,3.6515757360737275e-14,3.6515757360737275e-14
1.563846758302254e+24,156.3846758302254,3.4637017943381836e-14,3.4637017943381836e-14
1.6040031070568134e+24,160.40031070568133,3.2820628094272115e-14,3.2820628094272115e-14
1.6451905877536675e+24,164.51905877536674,3.1066290686503223e-14,3.1066290686503223e-14
1.6874356777273653e+24,168.74356777273653,2.9373639295939414e-14,2.9373639295939414e-14
1.7307655341957275e+24,173.07655341957275,2.7742237726035248e-14,2.7742237726035248e-14
1.775208011717636e+24,177.5208011717636,2.617157979133428e-14,2.617157979133428e-14
1.8207916800994623e+24,182.07916800994624,2.4661089371870005e-14,2.4661089371870005e-14
1.8675458427610742e+24,186.7545842761074,2.3210120749321136e-14,2.3210120749321136e-14
1.915500555573524e+24,191.55005555735238,2.1817959234109238e-14,2.1817959234109238e-14
1.9646866461804566e+24,196.46866461804566,2.0483822090811422e-14,2.0483822090811422e-14
2.0151357338155504e+24,201.51357338155503,1.920685976724215e-14,1.920685976724215e-14
2.0668802496290905e+24,206.68802496290905,1.7986157430350728e-14,1.7986157430350728e-14
2.11995345753606e+24,211.99534575360602,1.6820736809755446e-14,1.6820736809755446e-14
2.1743894756000843e+24,217.43894756000844,1.5709558347202528e-14,1.5709558347202528e-14
2.2302232979659408e+24,223.02232979659408,1.465152364768279e-14,1.465152364768279e-14
2.2874908173557042e+24,228.74908173557043,1.3645478225203272e-14,1.3645478225203272e-14
2.3462288481422625e+24,234.62288481422624,1.2690214533507474e-14,1.2690214533507474e-14
2.4064751500154218e+24,240.6475150015422,1.178447526925358e-14,1.178447526925358e-14
2.4682684522556873e+24,246.82684522556872,1.0926956932427397e-14,1.0926956932427397e-14
2.5316484786313477e+24,253.16484786313478,1.0116313626077312e-14,1.0116313626077312e-14
2.596655972934883e+24,259.6655972934883,9.351161074866836e-15,9.351161074866836e-15
2.66333272517497e+24,266.333272517497,8.630080839485246e-15,8.630080839485246e-15
2.7317215984413844e+24,273.17215984413843,7.951624701668467e-15,7.951624701668467e-15
2.8018665564591784e+24,280.1866556459178,7.314319192528318e-15,7.314319192528318e-15
2.873812691851069e+24,287.38126918510693,6.716670235046821e-15,6.716670235046821e-15
2.947606255124859e+24,294.7606255124859,6.157167870084282e-15,6.157167870084282e-15
3.023294684405776e+24,302.3294684405776,5.63429103400508e-15,5.63429103400508e-15
3.1009266359319234e+24,310.09266359319236,5.146512355168056e-15,5.146512355168056e-15
3.180552015332913e+24,318.0552015332913,4.692302936002416e-15,4.692302936002416e-15
3.2622220097116866e+24,326.22220097116866,4.270137087262673e-15,4.270137087262673e-15
3.345989120549961e+24,334.5989120549961,3.878496981315115e-15,3.878496981315115e-15
3.4319071974590566e+24,343.19071974590565,3.515877191958842e-15,3.515877191958842e-15
3.520031472796661e+24,352.0031472796661,3.1807890893415582e-15,3.1807890893415582e-15
3.6104185971733446e+24,361.04185971733443,2.871765059949978e-15,2.871765059949978e-15
3.703126675869931e+24,370.3126675869931,2.587362523470122e-15,2.587362523470122e-15
3.798215306190736e+24,379.8215306190736,2.326167720444915e-15,2.326167720444915e-15
3.895745615775501e+24,389.5745615775501,2.0867992471287554e-15,2.0867992471287554e-15
3.9957803018952653e+24,399.57803018952654,1.867911316673675e-15,1.867911316673675e-15
4.098383671757253e+24,409.8383671757253,1.6681967287650828e-15,1.6681967287650828e-15
4.203621683844701e+24,420.3621683844701,1.4863895329982431e-15,1.4863895329982431e-15
4.311561990318246e+24,431.1561990318246,1.3212673746041864e-15,1.3212673746041864e-15
4.422273980505879e+24,442.2273980505879,1.171653514543537e-15,1.171653514543537e-15
4.5358288255102e+24,453.58288255102,1.0364185194324136e-15,1.0364185194324136e-15
4.652299523960161e+24,465.2299523960161,9.144816201985304e-16,9.144816201985304e-16
4.7717609489387505e+24,477.1760948938751,8.048117417223947e-16,8.048117417223947e-16
4.894289896114532e+24,489.42898961145323,7.064282089643004e-16,7.064282089643004e-16
5.019965133110079e+24,501.9965133110079,6.184011381446224e-16,6.184011381446224e-16
5.148867450137487e+24,514.8867450137486,5.398515244080217e-16,5.398515244080217e-16
5.28107971193432e+24,528.107971193432,4.699510400078488e-16,4.699510400078488e-16
5.416686911033179e+24,541.6686911033179,4.0792155937265057e-16,4.0792155937265057e-16
5.555776222398855e+24,555.5776222398855,3.5303442943163827e-16,3.5303442943163827e-16
5.698437059469159e+24,569.843705946916,3.0460950526221285e-16,3.0460950526221285e-16
5.844761131633602e+24,584.4761131633602,2.620139724705349e-16,2.620139724705349e-16
5.994842503189421e+24,599.4842503189421,2.246609787165683e-16,2.246609787165683e-16
6.148777653810029e+24,614.877765381003,1.9200809745698259e-16,1.9200809745698259e-16
6.306665540567406e+24,630.6665540567406,1.6355564730423076e-16,1.6355564730423076e-16
6.46860766154632e+24,646.8607661546321,1.3884489040968647e-16,1.3884489040968647e-16
6.634708121092337e+24,663.4708121092336,1.174561329873992e-16,1.174561329873992e-16
6.805073696735248e+24,680.5073696735247,9.90067505304544e-17,9.90067505304544e-17
6.979813907830639e+24,697.981390783064,8.314915945997903e-17,8.314915945997903e-17
7.159041085964917e+24,715.9041085964917,6.956875591790418e-17,6.956875591790418e-17
7.342870447166728e+24,734.2870447166728,5.798184120075068e-17,5.798184120075068e-17
7.531420165974391e+24,753.142016597439,4.8133551963846927e-17,4.8133551963846927e-17
7.724811451403416e+24,772.4811451403416,3.9795811837468756e-17,3.9795811837468756e-17
7.923168624866261e+24,792.3168624866262,3.2765319517568605e-17,3.2765319517568605e-17
8.126619200091945e+24,812.6619200091945,2.6861586755826088e-17,2.6861586755826088e-17
8.335293965098187e+24,833.5293965098188,2.192503800326202e-17,2.192503800326202e-17
8.549327066268367e+24,854.9327066268366,1.7815181785407524e-17,1.7815181785407524e-17
8.768856094587408e+24,876.8856094587409,1.4408862228066985e-17,1.4408862228066985e-17
8.99402217409209e+24,899.402217409209,1.1598597532224498e-17,1.1598597532224498e-17
9.224970052592137e+24,922.4970052592137,9.291010633121e-18,9.291010633121e-18
9.461848194722031e+24,946.184819472203,7.405355787997404e-18,7.405355787997404e-18
9.704808877380248e+24,970.4808877380248,5.87214343324119e-18,5.87214343324119e-18
9.954008287621539e+24,995.4008287621539,4.631864345906465e-18,4.631864345906465e-18
1.0209606623060476e+25,1020.9606623060477,3.633812946324139e-18,3.633812946324139e-18
1.0471768194855203e+25,1047.1768194855204,2.8350084946791298e-18,2.8350084946791298e-18
1.0740661533334324e+25,1074.0661533334323,2.199211970506183e-18,2.199211970506183e-18
1.1016459496336546e+25,1101.6459496336547,1.6960355831909585e-18,1.6960355831909585e-18
1.1299339380332286e+25,1129.9339380332285,1.3001411453929982e-18,1.3001411453929982e-18
1.1589483034398071e+25,1158.9483034398072,9.905229494994408e-19,9.905229494994408e-19
1.188707697711908e+25,1188.7076977119082,7.498703177708112e-19,7.498703177708112e-19
1.2192312516491045e+25,1219.2312516491045,5.640046460581915e-19,5.640046460581915e-19
1.250538587290394e+25,1250.538587290394,4.2138552350790266e-19,4.2138552350790266e-19
1.2826498305280625e+25,1282.6498305280625,3.126803797302283e-19,3.126803797302283e-19
1.3155856240457053e+25,1315.5856240457053,2.303920782473546e-19,2.303920782473546e-19
1.3493671405883065e+25,1349.3671405883065,1.685389312859872e-19,1.685389312859872e-19
1.3840160965731302e+25,1384.0160965731302,1.2238174574036494e-19,1.2238174574036494e-19
1.4195547660500987e+25,1419.5547660500988,8.819271231834317e-20,8.819271231834317e-20
1.4560059950206455e+25,1456.0059950206455,6.306120795215432e-20,6.306120795215432e-20
1.4933932161242594e+25,1493.3932161242594,4.4731883831313007e-20,4.4731883831313007e-20
1.5317404637020735e+25,1531.7404637020734,3.147074638272439e-20,3.147074638272439e-20
1.5710723892474552e+25,1571.0723892474552,2.195529512272641e-20,2.195529512272641e-20
1.61141427725301e+25,1611.41427725301,1.5185149201805046e-20,1.5185149201805046e-20
1.6527920614648973e+25,1652.7920614648974,1.040996427154987e-20,1.040996427154987e-20
1.6952323415541214e+25,1695.2323415541214,7.071804782052497e-21,7.071804782052497e-21
1.7387624002162504e+25,1738.7624002162504,4.759486987344236e-21,4.759486987344236e-21
1.7834102207100062e+25,1783.4102207100063,3.17273915946263e-21,3.17273915946263e-21
1.82920450484629e+25,1829.20450484629,2.0943335019008563e-21,2.0943335019008563e-21
1.876174691439131e+25,1876.174691439131,1.3686260388903594e-21,1.3686260388903594e-21
1.9243509752303244e+25,1924.3509752303244,8.851945920974236e-22,8.851945920974236e-22
1.9737643263002635e+25,1973.7643263002635,5.664901962024202e-22,5.664901962024202e-22
2.0244465099767934e+25,2024.4465099767933,3.586142527066015e-22,3.586142527066015e-22
2.076430107255779e+25,2076.430107255779,2.2450345830525046e-22,2.2450345830525046e-22
2.129748535745523e+25,2129.748535745523,1.389487532427904e-22,1.389487532427904e-22
2.1844360711494285e+25,2184.4360711494287,8.499532814346266e-23,8.499532814346266e-23
2.240527869300018e+25,2240.527869300018,5.1370485060075115e-23,5.1370485060075115e-23
2.298059988758849e+25,2298.0599887588487,3.066737523567177e-23,3.066737523567177e-23
2.357069413996723e+25,2357.069413996723,1.807784227260595e-23,1.807784227260595e-23
2.4175940791691236e+25,2417.5940791691237,1.0519203232037376e-23,1.0519203232037376e-23
2.4796728925021704e+25,2479.6728925021703,6.040056468835706e-24,6.040056468835706e-24
2.543345761304638e+25,2543.345761304638,3.421156960198236e-24,3.421156960198236e-24
2.608653617622556e+25,2608.653617622556,1.9108518270050322e-24,1.9108518270050322e-24
2.6756384445520287e+25,2675.638444552029,1.0520764851479085e-24,1.0520764851479085e-24
2.7443433032283683e+25,2744.3433032283683,5.707871613781572e-25,5.707871613781572e-25
2.8148123605075814e+25,2814.8123605075816,3.0503091369681005e-25,3.0503091369681005e-25
2.8870909173592345e+25,2887.0909173592345,1.6050489754169145e-25,1.6050489754169145e-25
2.9612254379880316e+25,2961.2254379880314,8.312567410927536e-26,8.312567410927536e-26
3.037263579703305e+25,3037.2635797033054,4.235530284723426e-26,4.235530284723426e-26
3.115254223555504e+25,3115.2542235555043,2.122388306556835e-26,2.122388306556835e-26
3.1952475057592007e+25,3195.2475057592005,1.0454431080171997e-26,1.0454431080171997e-26
3.2772948499233953e+25,3277.2948499233953,5.059921251922025e-27,5.059921251922025e-27
3.361449000108748e+25,3361.449000108748,2.405244843497994e-27,2.405244843497994e-27
3.447764054734471e+25,3447.7640547344713,1.12239665812492e-27,1.12239665812492e-27
3.5362955013550466e+25,3536.295501355047,5.139243274359843e-28,5.139243274359843e-28
3.6271002523306484e+25,3627.1002523306483,2.307844990949075e-28,2.307844990949075e-28
3.720236681413066e+25,3720.236681413066,1.0159029597532745e-28,1.0159029597532745e-28
3.8157646612712446e+25,3815.7646612712447,4.3814096677755517e-29,4.3814096677755517e-29
3.913745601980376e+25,3913.745601980376,1.8503920396996214e-29,1.8503920396996214e-29
4.014242490499309e+25,4014.242490499309,7.648358614476983e-30,7.648358614476983e-30
4.117319931161696e+25,4117.319931161695,3.0923431371903047e-30,3.0923431371903047e-30
4.223044187206655e+25,4223.044187206655,1.2222955766021754e-30,1.2222955766021754e-30
4.331483223376412e+25,4331.483223376412,4.720432458842513e-31,4.720432458842513e-31
4.442706749606856e+25,4442.706749606856,1.7801053345619442e-31,1.7801053345619442e-31
4.556786265841068e+25,4556.786265841069,6.550926271882126e-32,6.550926271882126e-32
4.6737951079924635e+25,4673.795107992463,2.3511521216207752e-32,2.3511521216207752e-32
4.7938084950891065e+25,4793.808495089106,8.224332717665068e-33,8.224332717665068e-33
4.916903577628022e+25,4916.903577628022,2.802052585553467e-33,2.802052585553467e-33
5.043159487171349e+25,5043.159487171349,9.29210146760656e-34,9.29210146760656e-34
5.172657387216045e+25,5172.657387216045,2.997177721568284e-34,2.997177721568284e-34
5.305480525369552e+25,5305.480525369552,9.396433286882504e-35,9.396433286882504e-35
5.44171428686591e+25,5441.71428686591,2.861203299994368e-35,2.861203299994368e-35
5.581446249454932e+25,5581.446249454932,8.455602468349447e-36,8.455602468349447e-36
5.72476623970219e+25,5724.76623970219,2.4233559763329838e-36,2.4233559763329838e-36
5.871766390733261e+25,5871.766390733262,6.730150595288457e-37,6.730150595288457e-37
6.022541201461928e+25,6022.541201461928,1.8097415910562545e-37,1.8097415910562545e-37
6.177187597338488e+25,6177.187597338488,4.707961066162314e-38,4.707961066162314e-38
6.335804992658241e+25,6335.804992658241,1.183871911969825e-38,1.183871911969825e-38
6.498495354469928e+25,6498.495354469928,2.875104911863633e-39,2.875104911863633e-39
6.665363268124893e+25,6665.363268124893,6.73738931637128e-40,6.73738931637128e-40
6.836516004510266e+25,6836.516004510267,1.5220202263284327e-40,1.5220202263284327e-40
7.012063589007148e+25,7012.063589007148,3.311552712548332e-41,3.311552712548332e-41
7.192118872221207e+25,7192.118872221207,6.932765809997859e-42,6.932765809997859e-42
7.376797602527746e+25,7376.797602527746,1.3951322343325718e-42,1.3951322343325718e-42
7.566218500481063e+25,7566.218500481063,2.6959854173171883e-43,2.6959854173171883e-43
7.76050333513357e+25,7760.5033351335705,4.997594781712913e-44,4.997594781712913e-44
7.959777002314978e+25,7959.777002314978,8.877328137081833e-45,8.877328137081833e-45
8.164167604921455e+25,8164.167604921455,1.50940479325821e-45,1.50940479325821e-45
8.373806535266473e+25,8373.806535266473,2.4538254122452558e-46,2.4538254122452558e-46
8.588828559546294e+25,8588.828559546295,3.809744147562458e-47,3.809744147562458e-47
8.809371904473956e+25,8809.371904473956,5.642207507502687e-48,5.642207507502687e-48
9.035578346138958e+25,9035.578346138958,7.961173401006785e-49,7.961173401006785e-49
9.267593301146826e+25,9267.593301146826,1.068907353426161e-49,1.068907353426161e-49
9.50556592010121e+25,9505.565920101211,1.3639055441074596e-50,1.3639055441074596e-50
9.749649183484097e+25,9749.649183484096,1.6517405891001435e-51,1.6517405891001435e-51
1e+26,10000.0,1.8959643972454678e-52,1.8959643972454678e-52
